CRISPRa-,,,CRISPRa+,,,CRISPRi-,,,CRISPRi+,
Gene id,Compound,,Gene id,Compound,,Gene id,Compound,,Gene id,Compound
ADGRA3,5H4,,ADRA2B,2E1,,ADGRB3,1D9,,ACKR2,1H12
ADORA1,10B10,,ADRA2B,2E7,,ADGRB3,2E9,,ACKR2,1H6
BDKRB2,4G10,,ADRA2B,2F1,,ADGRD1,2D6,,ACKR2,2A6
BDKRB2,4G11,,ADRA2B,2F7,,ADGRD2,1F7,,ACKR2,2C6
CCKAR,10A4,,ADRA2B,2G1,,ADGRD2,3B7,,ACKR2,2D6
CCKAR,10A8,,ADRA2B,2G7,,ADGRD2,1F9,,ACKR2,2H12
CCKAR,9F1,,ADRA2B,2E4,,ADGRD2,3B9,,ACKR2,3A6
CCKAR,9F12,,ADRA2B,2E10,,ADGRD2,1F11,,ACKR2,3B6
CCKAR,9F2,,ADRA2B,2F4,,ADGRD2,3B11,,ACKR2,2B12
CCKAR,9F3,,ADRA2B,2F10,,ADGRE1,1A8,,ACKR2,2C12
CCKAR,9F8,,ADRA2B,2G4,,ADGRE1,1A6,,ACKR2,3A12
CXCR4,9E6,,ADRA2B,2G10,,ADGRE1,1A12,,ACKR2,1G12
CXCR4,9E7,,CCKAR,6D4,,ADGRE1,1G6,,ADGRF4,1G1
FZD8,9C10,,CCKAR,6G4,,ADGRE1,2B6,,ADGRF4,2B1
FZD8,9C11,,CCKAR,7B4,,ADGRE1,2C6,,ADGRF4,2C7
GABBR2,3F7,,CCKAR,7E4,,ADGRE1,1A2,,ADGRF4,2D1
GABBR2,3F9,,CCKAR,6D5,,ADGRE1,2B8,,ADGRF4,1G2
GABBR2,6C7,,CCKAR,6G5,,ADGRE1,1B12,,ADGRF4,1H8
GABBR2,6C9,,CCKAR,7B5,,ADGRE1,1G12,,ADGRF4,2A2
GABBR2,6F7,,CCKAR,7E5,,ADGRE1,1H6,,ADGRF4,2B2
GABBR2,6F9,,CCKAR,6D6,,ADGRE1,1H12,,ADGRF4,2C8
GRM5,10C9,,CCKAR,6G6,,ADGRE1,2B12,,ADGRF4,2D2
GRM5,10D1,,CCKAR,7B6,,ADGRE1,1B2,,ADGRF4,1G6
GRM5,1E2,,CCKAR,7E6,,ADGRE1,1G8,,ADGRF4,1H12
GRM5,1E6,,GPR179,11A6,,ADGRE1,1H2,,ADGRF4,2A6
LGR6,1G5,,GPR27,1B2,,ADGRE1,2C2,,ADGRF4,2B6
LGR6,1H5,,GPR27,1E2,,ADGRE1,1B6,,ADGRF4,2C12
LGR6,2A5,,GPR27,1H2,,ADGRE1,2C12,,ADGRF4,2D6
LPAR1,1E6,,GPR27,1B3,,ADGRE1,1B8,,ADGRF4,2A1
LPAR1,2C6,,GPR27,1E3,,ADGRE1,1G2,,ADGRF4,1H7
LPAR3,11E3,,GPR27,1H3,,ADGRE1,2B2,,ADGRL4,1B12
MAS1L,3E11,,GPR32,6D6,,ADGRF3,3A10,,ADGRL4,2C12
NPY5R,1E5,,GPR32,6G6,,ADGRF3,1H10,,ADGRL4,1B8
NPY5R,8A11,,GPR32,7B6,,ADGRF3,2C10,,ADGRL4,2C8
NPY5R,8A12,,GPR63,7G8,,ADGRF3,3A8,,ADGRL4,1E12
OPRL1,2E1,,GPR63,3F8,,ADGRF3,2C8,,ADGRL4,1E8
OPRL1,2E2,,GPR63,9B8,,ADGRF3,1H8,,ADGRV1,6B2
OR10Q1,10A4,,GPR63,9C12,,ADGRL2,2H3,,ADGRV1,6C8
OR10Q1,10A8,,GRM5,9B11,,ADGRL2,2H6,,ADORA2B,6G1
OR10Q1,10B4,,GRM5,9F5,,ADGRL3,7A8,,ADORA2B,6G7
OR10Q1,11E6,,GRM5,9F9,,ADGRL3,7D8,,ADORA2B,7A7
OR10Q1,11F2,,GRM5,9G9,,ADORA1,1E4,,ADORA2B,7H1
OR2I1P,6E11,,GRM5,9H1,,ADORA1,1F4,,ADORA2B,6G3
OR2I1P,6E12,,GRM5,9E7,,ADORA1,1E10,,ADORA2B,6G9
OR2I1P,6E7,,HCAR3,1A5,,ADRA2C,1B3,,ADORA2B,7A3
OR2I1P,6E9,,HCAR3,1B5,,ADRA2C,1E3,,ADORA2B,7A9
OR2I1P,7C11,,NPY5R,9G12,,ADRA2C,1F3,,ADORA2B,7H3
OR2I1P,7C12,,NTSR1,9A3,,ADRA2C,2C3,,ADORA2B,7H9
OR2I1P,7C7,,NTSR1,9A7,,ADRA2C,1E1,,ADORA2B,3F3
OR2I1P,7C9,,NTSR1,9C11,,ADRA2C,2C1,,ADORA2B,3F9
OR2I1P,7F11,,NTSR1,9D3,,ADRA2C,1B2,,ADORA2B,6G4
OR2I1P,7F12,,NTSR1,9E3,,ADRA2C,1E2,,ADORA2B,6G10
OR2I1P,7F7,,NTSR1,9E7,,ADRA2C,1F2,,ADORA2B,7A4
OR2I1P,7F9,,OR2T5,1C10,,ADRA2C,2C2,,ADORA2B,7A10
OR4D2,1B3,,OR2T5,2G10,,ADRA2C,1B9,,ADORA2B,7H4
OR4D2,1H3,,OR5AR1,1D9,,ADRA2C,1C3,,ADORA2B,3F10
OR5B12,3E4,,OR5AR1,1F3,,ADRA2C,1E9,,ADORA2B,3F7
OR5B12,3E5,,OR5AR1,2E3,,ADRA2C,2D3,,ADORA2B,7H10
OR5B12,3F10,,OR5AR1,2E9,,ADRA2C,1B4,,ADORA2B,3F4
OR5B12,3F11,,OR5AR1,2F3,,ADRA2C,1B10,,ADORA2B,7A1
OR5B12,6G10,,OR5AR1,2G3,,ADRA2C,1C4,,ADORA2B,7H7
OR5B12,6G11,,OR5AR1,1D4,,ADRA2C,1E4,,ADORA2B,3F1
OR5B12,6H4,,OR5AR1,1D10,,ADRA2C,1F4,,ADRA1A,1D1
OR5B12,6H5,,OR5AR1,1E4,,ADRA2C,2C4,,ADRA1A,1D4
OR5B12,7A10,,OR5AR1,1F4,,ADRA2C,2D4,,ADRA1A,1D5
OR5B12,7A11,,OR5AR1,1D3,,ADRA2C,1B5,,ADRA1A,1D6
OR5B12,7B10,,OR5AR1,1E3,,ADRA2C,1E5,,CCR8,2G7
OR5B12,7B11,,OR5AR1,2E4,,ADRA2C,2C5,,CCR8,3B7
OR5B12,7C4,,OR5AR1,2E10,,ADRA2C,1B6,,CCR8,2G12
OR5B12,7C5,,OR5AR1,2F4,,ADRA2C,1E6,,CCR8,3B12
OR5B12,7D10,,OR5AR1,2G4,,ADRA2C,1F6,,CMKLR2,2D1
OR5B12,7D11,,ORZT29,7D5,,ADRA2C,2C6,,CMKLR2,1C1
OR5B12,7H10,,ORZT29,7D11,,ADRA2C,1B1,,CNR2,2E9
OR5B12,7H11,,ORZT29,7G5,,ADRA2C,1F1,,CNR2,2B9
SSTR4,4C2,,ORZT29,7G11,,ADRA2C,2D1,,CNR2,2H9
TAAR8,7C1,,OXTR,1D1,,ADRA2C,1B8,,CNR2,2B10
TAAR8,7C2,,OXTR,2B1,,ADRA2C,1C2,,CNR2,2H10
TAAR8,7C3,,OXTR,1D3,,ADRA2C,2D2,,CNR2,2E10
TAAR8,7C4,,OXTR,2B3,,ADRA2C,2C9,,CXCR2,2A11
TAAR8,7C5,,,,,ADRA2C,1E10,,CXCR2,3B11
TAAR8,7C6,,,,,ADRA2C,2C10,,CXCR2,2A12
TAAR8,7D1,,,,,ADRA2C,1F5,,CXCR2,2G11
TAAR8,7D2,,,,,ADRA2C,2D5,,CXCR2,3B12
TAAR8,7D3,,,,,ADRA2C,1B12,,CXCR2,2G12
TAAR8,7D4,,,,,ADRA2C,1C6,,DRD3,7D5
TAAR8,7D5,,,,,ADRA2C,1E12,,DRD3,7A4
TAAR8,7D6,,,,,ADRA2C,2D6,,DRD3,7A5
TAS2R30,2A12,,,,,ADRA2C,1B7,,DRD3,6F5
TAS2R30,3B12,,,,,ADRA2C,1C1,,DRD3,3F5
,,,,,,ADRA2C,1E8,,DRD3,7D4
,,,,,,ADRA2C,2C8,,DRD3,3F4
,,,,,,ADRA2C,1B11,,DRD3,6F4
,,,,,,ADRA2C,1C5,,FFAR2,4E10
,,,,,,ADRA2C,1E11,,FFAR2,4H10
,,,,,,ADRA2C,2C11,,FFAR2,5F10
,,,,,,ADRA2C,2C12,,FFAR2,3C10
,,,,,,ADRA2C,2C7,,FFAR2,4E11
,,,,,,ADRA2C,1E7,,FFAR2,4H11
,,,,,,BDKRB1,3B8,,FFAR2,5F11
,,,,,,BDKRB1,2H7,,FFAR2,3C11
,,,,,,BDKRB1,3B7,,FFAR4,1A7
,,,,,,BDKRB1,2A8,,FFAR4,1B1
,,,,,,BDKRB1,2H8,,FFAR4,1B7
,,,,,,BDKRB1,3A8,,FFAR4,1D7
,,,,,,BDKRB1,3A7,,FFAR4,1E1
,,,,,,BDKRB1,1G8,,FFAR4,1F1
,,,,,,BDKRB1,1G7,,FFAR4,2E7
,,,,,,BDKRB1,2A7,,FFAR4,2F1
,,,,,,BDKRB1,1H8,,FFAR4,2F7
,,,,,,BDKRB1,1H7,,FFAR4,2G1
,,,,,,CXCR1,3E1,,FFAR4,2G7
,,,,,,CXCR1,3E5,,FFAR4,2H7
,,,,,,CXCR4,1F8,,FFAR4,3A1
,,,,,,CXCR4,1F7,,FFAR4,3A7
,,,,,,FSHR,3B6,,FFAR4,3B1
,,,,,,FZD1,1D5,,FFAR4,3B7
,,,,,,FZD1,1D11,,FFAR4,1A8
,,,,,,FZD1,1H5,,FFAR4,1B2
,,,,,,FZD1,2C5,,FFAR4,1B8
,,,,,,FZD1,1E5,,FFAR4,1C2
,,,,,,FZD1,1G5,,FFAR4,1C8
,,,,,,FZD1,1G11,,FFAR4,1D8
,,,,,,FZD1,2B5,,FFAR4,1E2
,,,,,,FZD1,2B11,,FFAR4,1E8
,,,,,,FZD1,1E11,,FFAR4,1F2
,,,,,,FZD1,1H11,,FFAR4,1F8
,,,,,,FZD1,2C11,,FFAR4,2E8
,,,,,,GLP2R,6H6,,FFAR4,2F2
,,,,,,GPBAR1,2F9,,FFAR4,2F8
,,,,,,GPBAR1,1E9,,FFAR4,2G2
,,,,,,GPBAR1,1B9,,FFAR4,2G8
,,,,,,GPBAR1,1H9,,FFAR4,2H8
,,,,,,GPBAR1,2F11,,FFAR4,3A2
,,,,,,GPBAR1,1E12,,FFAR4,3A8
,,,,,,GPBAR1,1E11,,FFAR4,3B2
,,,,,,GPBAR1,1H11,,FFAR4,3B8
,,,,,,GPBAR1,1B12,,FFAR4,1A11
,,,,,,GPBAR1,1H12,,FFAR4,1B5
,,,,,,GPBAR1,2F12,,FFAR4,1B11
,,,,,,GPBAR1,1E8,,FFAR4,1C5
,,,,,,GPBAR1,1B11,,FFAR4,1C11
,,,,,,GPBAR1,1B8,,FFAR4,1D11
,,,,,,GPBAR1,2F8,,FFAR4,1E5
,,,,,,GPR132,1B1,,FFAR4,1E11
,,,,,,GPR132,1D1,,FFAR4,1F5
,,,,,,GPR132,1D7,,FFAR4,1F11
,,,,,,GPR132,1E1,,FFAR4,2E11
,,,,,,GPR132,1H1,,FFAR4,2F5
,,,,,,GPR132,2C1,,FFAR4,2F11
,,,,,,GPR132,2F1,,FFAR4,2G5
,,,,,,GPR132,2H1,,FFAR4,2G11
,,,,,,GPR132,2H7,,FFAR4,2H11
,,,,,,GPR132,3A1,,FFAR4,3A5
,,,,,,GPR132,1B2,,FFAR4,3A11
,,,,,,GPR132,1D2,,FFAR4,3B5
,,,,,,GPR132,1D8,,FFAR4,3B11
,,,,,,GPR132,1E2,,FFAR4,1A12
,,,,,,GPR132,1E8,,FFAR4,1B6
,,,,,,GPR132,1F2,,FFAR4,1B12
,,,,,,GPR132,1H2,,FFAR4,1D12
,,,,,,GPR132,2C2,,FFAR4,1E6
,,,,,,GPR132,2F2,,FFAR4,1E12
,,,,,,GPR132,2H2,,FFAR4,1F6
,,,,,,GPR132,2H8,,FFAR4,1F12
,,,,,,GPR132,3A2,,FFAR4,2E12
,,,,,,GPR132,3A8,,FFAR4,2F6
,,,,,,GPR132,3B2,,FFAR4,2F12
,,,,,,GPR132,1A4,,FFAR4,2G6
,,,,,,GPR132,1A10,,FFAR4,2G12
,,,,,,GPR132,1B4,,FFAR4,2H12
,,,,,,GPR132,1B10,,FFAR4,3A6
,,,,,,GPR132,1C4,,FFAR4,3A12
,,,,,,GPR132,1D4,,FFAR4,3B6
,,,,,,GPR132,1D10,,FFAR4,3B12
,,,,,,GPR132,1E4,,FFAR4,1E7
,,,,,,GPR132,1E10,,FFAR4,1F7
,,,,,,GPR132,1F4,,FFAR4,1C6
,,,,,,GPR132,1G4,,FFAR4,1C12
,,,,,,GPR132,1G10,,FFAR4,1C1
,,,,,,GPR132,1H4,,FFAR4,1C7
,,,,,,GPR132,1H10,,GPR176,2B9
,,,,,,GPR132,2A4,,GPR176,2B7
,,,,,,GPR132,2B4,,GPR176,2D9
,,,,,,GPR132,2B10,,GPR176,2H9
,,,,,,GPR132,2C4,,GPR176,2D7
,,,,,,GPR132,2C10,,GPR176,2H7
,,,,,,GPR132,2D4,,GPR176,3B9
,,,,,,GPR132,2E4,,GPR176,3B7
,,,,,,GPR132,2E10,,GPR179,3B3
,,,,,,GPR132,2F4,,GPR50,2F8
,,,,,,GPR132,2F10,,GPR50,2C8
,,,,,,GPR132,2G4,,GPR52,1A9
,,,,,,GPR132,2H4,,GPR52,1B3
,,,,,,GPR132,2H10,,GPR52,2D3
,,,,,,GPR132,3A4,,GPR52,1G8
,,,,,,GPR132,3A10,,GPR52,1H2
,,,,,,GPR132,3B4,,GPR52,2B8
,,,,,,GPR132,1B5,,GPR52,1C3
,,,,,,GPR132,1D5,,GPR52,1C9
,,,,,,GPR132,1D11,,GPR52,1D9
,,,,,,GPR132,1E5,,GPR52,1G9
,,,,,,GPR132,1H5,,GPR52,1H3
,,,,,,GPR132,2C5,,GPR52,2A3
,,,,,,GPR132,2F5,,GPR52,2A9
,,,,,,GPR132,2H5,,GPR52,2B9
,,,,,,GPR132,2H11,,GPR52,2C3
,,,,,,GPR132,3A5,,GPR52,1A10
,,,,,,GPR132,1B6,,GPR52,1B4
,,,,,,GPR132,1D6,,GPR52,2B10
,,,,,,GPR132,1D12,,GPR52,2C4
,,,,,,GPR132,1E6,,GPR52,2D4
,,,,,,GPR132,1E12,,GPR52,2D10
,,,,,,GPR132,1F6,,GPR52,1G11
,,,,,,GPR132,1H6,,GPR52,1H5
,,,,,,GPR132,2C6,,GPR52,2A11
,,,,,,GPR132,2F6,,GPR52,2B11
,,,,,,GPR132,2H6,,GPR52,2D5
,,,,,,GPR132,2H12,,GPR52,2B12
,,,,,,GPR132,3A6,,GPR52,1A7
,,,,,,GPR132,3A12,,GPR52,1B1
,,,,,,GPR132,3B6,,GPR52,1H1
,,,,,,GPR132,1A1,,GPR52,2B7
,,,,,,GPR132,1A7,,GPR52,2C1
,,,,,,GPR132,1E7,,GPR52,2D1
,,,,,,GPR132,1F1,,GPR52,1A8
,,,,,,GPR132,1G1,,GPR52,1B2
,,,,,,GPR132,1G7,,GPR52,1C2
,,,,,,GPR132,1H7,,GPR52,1D8
,,,,,,GPR132,2A1,,GPR52,2A2
,,,,,,GPR132,2B1,,GPR52,2A8
,,,,,,GPR132,2B7,,GPR52,2C2
,,,,,,GPR132,2C7,,GPR52,2D2
,,,,,,GPR132,2D1,,GPR52,2D8
,,,,,,GPR132,2E1,,GPR52,1E3
,,,,,,GPR132,2E7,,GPR52,1F3
,,,,,,GPR132,2F7,,GPR52,1F9
,,,,,,GPR132,2G1,,GPR52,2D9
,,,,,,GPR132,3A7,,GPR52,1C4
,,,,,,GPR132,3B1,,GPR52,1E4
,,,,,,GPR132,1A2,,GPR52,1F4
,,,,,,GPR132,1A8,,GPR52,1F10
,,,,,,GPR132,1B8,,GPR52,1H4
,,,,,,GPR132,1C2,,GPR52,2A4
,,,,,,GPR132,1G2,,GPR52,1A11
,,,,,,GPR132,1G8,,GPR52,1B5
,,,,,,GPR132,1H8,,GPR52,1C11
,,,,,,GPR132,2A2,,GPR52,1D11
,,,,,,GPR132,2B2,,GPR52,1F5
,,,,,,GPR132,2B8,,GPR52,2A5
,,,,,,GPR132,2C8,,GPR52,2C5
,,,,,,GPR132,2D2,,GPR52,2D11
,,,,,,GPR132,2E2,,GPR52,1A12
,,,,,,GPR132,2E8,,GPR52,1B6
,,,,,,GPR132,2F8,,GPR52,1G12
,,,,,,GPR132,2G2,,GPR52,1H6
,,,,,,GPR132,1A5,,GPR52,2A12
,,,,,,GPR132,1A11,,GPR52,2C6
,,,,,,GPR132,1E11,,GPR52,2D6
,,,,,,GPR132,1F5,,GPR52,2D12
,,,,,,GPR132,1G5,,GPR52,2D7
,,,,,,GPR132,1G11,,GPR52,1C8
,,,,,,GPR132,1H11,,GPR52,1E2
,,,,,,GPR132,2A5,,GPR52,1F2
,,,,,,GPR132,2B5,,GPR52,1F8
,,,,,,GPR132,2B11,,GPR52,1C10
,,,,,,GPR132,2C11,,GPR52,1D10
,,,,,,GPR132,2D5,,GPR52,1G10
,,,,,,GPR132,2E5,,GPR52,2A10
,,,,,,GPR132,2E11,,GPR52,1C5
,,,,,,GPR132,2F11,,GPR52,1E5
,,,,,,GPR132,2G5,,GPR52,1F11
,,,,,,GPR132,3A11,,GPR52,1C6
,,,,,,GPR132,3B5,,GPR52,1C12
,,,,,,GPR132,1A6,,GPR52,1D12
,,,,,,GPR132,1A12,,GPR52,1F6
,,,,,,GPR132,1B12,,GPR52,2A6
,,,,,,GPR132,1C6,,GPR52,1D7
,,,,,,GPR132,1G6,,GPR52,1E1
,,,,,,GPR132,1G12,,GPR52,1F1
,,,,,,GPR132,1H12,,GPR52,1G7
,,,,,,GPR132,2A6,,GPR52,1E6
,,,,,,GPR132,2B6,,GPR52,1F12
,,,,,,GPR132,2B12,,GPR52,1C1
,,,,,,GPR132,2C12,,GPR52,1C7
,,,,,,GPR132,2D6,,GPR52,1F7
,,,,,,GPR132,2E6,,GPR52,2A1
,,,,,,GPR132,2E12,,GPR52,2A7
,,,,,,GPR132,2F12,,GPRC5A,1G1
,,,,,,GPR132,2G6,,GPRC5D,1G11
,,,,,,GPR132,1B7,,GPRC5D,1G5
,,,,,,GPR132,1C1,,GPRC5D,2A11
,,,,,,GPR132,1B11,,GPRC5D,2B11
,,,,,,GPR132,1C5,,GPRC5D,1G6
,,,,,,GPR20,1A1,,GPRC5D,2D12
,,,,,,GPR20,1A7,,GPRC5D,1D11
,,,,,,GPR20,1C7,,GPRC5D,2E5
,,,,,,GPR20,1G1,,GPRC5D,2E11
,,,,,,GPR20,1G7,,GPRC5D,1D6
,,,,,,GPR20,1H7,,GPRC5D,1D5
,,,,,,GPR20,2A1,,GPRC5D,1F11
,,,,,,GPR20,2A7,,GPRC5D,2B5
,,,,,,GPR20,2B1,,GPRC5D,2D11
,,,,,,GPR20,2B7,,GPRC5D,1F12
,,,,,,GPR20,2C7,,GPRC5D,2A12
,,,,,,GPR20,2D1,,GPRC5D,2E6
,,,,,,GPR20,2D7,,GPRC5D,2E12
,,,,,,GPR20,2E1,,GPRC5D,2G11
,,,,,,GPR20,2E7,,GPRC5D,1D12
,,,,,,GPR20,2F7,,GPRC5D,1G12
,,,,,,GPR20,2G1,,GPRC5D,2B6
,,,,,,GPR20,2G7,,GPRC5D,2B12
,,,,,,GPR20,1A2,,GPRC5D,2G12
,,,,,,GPR20,1A8,,GRM3,2E3
,,,,,,GPR20,1B8,,GRM3,2F9
,,,,,,GPR20,1C2,,GRM3,2G9
,,,,,,GPR20,1C8,,GRM3,2H3
,,,,,,GPR20,1G2,,GRM3,3A9
,,,,,,GPR20,1G8,,GRM3,3B9
,,,,,,GPR20,1H8,,GRM3,2E1
,,,,,,GPR20,2A2,,GRM3,2H1
,,,,,,GPR20,2A8,,GRM3,2E6
,,,,,,GPR20,2B2,,GRM3,2H6
,,,,,,GPR20,2B8,,GRM3,2F7
,,,,,,GPR20,2C8,,GRM3,2G7
,,,,,,GPR20,2D2,,GRM3,3A7
,,,,,,GPR20,2D8,,GRM3,3B7
,,,,,,GPR20,2E2,,GRM3,2F12
,,,,,,GPR20,2E8,,GRM3,2G12
,,,,,,GPR20,2F8,,GRM3,3A12
,,,,,,GPR20,2G2,,GRM3,3B12
,,,,,,GPR20,2G8,,GRM6,6A9
,,,,,,GPR20,1A3,,GRM6,7B3
,,,,,,GPR20,1A9,,GRM6,7B4
,,,,,,GPR20,1B9,,GRM6,6A11
,,,,,,GPR20,1C3,,GRM6,6D11
,,,,,,GPR20,1C9,,GRM6,6G5
,,,,,,GPR20,1G3,,GRM6,7B5
,,,,,,GPR20,1G9,,GRM6,7B11
,,,,,,GPR20,1H9,,GRM6,6A3
,,,,,,GPR20,2A3,,GRM6,6G3
,,,,,,GPR20,2A9,,GRM6,7B9
,,,,,,GPR20,2B3,,GRM6,6D4
,,,,,,GPR20,2B9,,GRM6,6G4
,,,,,,GPR20,2C9,,GRM6,7B10
,,,,,,GPR20,2D3,,GRM6,6A5
,,,,,,GPR20,2D9,,GRM6,6D5
,,,,,,GPR20,2E3,,GRM6,6G11
,,,,,,GPR20,2E9,,GRM6,6D3
,,,,,,GPR20,2F9,,GRM6,6G9
,,,,,,GPR20,2G3,,GRM6,6A4
,,,,,,GPR20,2G9,,GRM6,6A10
,,,,,,GPR20,1A5,,GRM6,6G10
,,,,,,GPR20,1A11,,GRM6,6D9
,,,,,,GPR20,1C11,,GRM6,6D10
,,,,,,GPR20,1G5,,GRM7,2F3
,,,,,,GPR20,1G11,,GRM7,2E3
,,,,,,GPR20,1H11,,GRM7,3B3
,,,,,,GPR20,2A5,,GRM7,1A5
,,,,,,GPR20,2A11,,GRM7,2E5
,,,,,,GPR20,2B5,,GRM7,3B5
,,,,,,GPR20,2B11,,GRM7,1A3
,,,,,,GPR20,2C11,,GRM7,1C9
,,,,,,GPR20,2D5,,GRM7,2B3
,,,,,,GPR20,2D11,,GRM7,2D3
,,,,,,GPR20,2E5,,GRM7,2D9
,,,,,,GPR20,2E11,,GRM7,2G3
,,,,,,GPR20,2F11,,GRM7,2G9
,,,,,,GPR20,2G5,,GRM7,2H3
,,,,,,GPR20,2G11,,GRM7,3B9
,,,,,,GPR20,1A6,,GRM7,1B5
,,,,,,GPR20,1A12,,GRM7,1C11
,,,,,,GPR20,1B12,,GRM7,2B5
,,,,,,GPR20,1C6,,GRM7,2D5
,,,,,,GPR20,1C12,,GRM7,2D11
,,,,,,GPR20,1G6,,GRM7,2F5
,,,,,,GPR20,1G12,,GRM7,2G5
,,,,,,GPR20,1H12,,GRM7,2G11
,,,,,,GPR20,2A6,,GRM7,2H5
,,,,,,GPR20,2A12,,GRM7,3B11
,,,,,,GPR20,2B6,,GRM7,1B3
,,,,,,GPR20,2B12,,GRM7,3A3
,,,,,,GPR20,2C12,,GRM7,3A5
,,,,,,GPR20,2D6,,GRM7,2C3
,,,,,,GPR20,2D12,,GRM7,1C5
,,,,,,GPR20,2E6,,GRM7,2C5
,,,,,,GPR20,2E12,,GRM7,1C3
,,,,,,GPR20,2F12,,HRH3,4G1
,,,,,,GPR20,2G6,,HRH3,4G7
,,,,,,GPR20,2G12,,HRH3,4H1
,,,,,,GPR20,1B7,,HRH3,5A1
,,,,,,GPR20,1C1,,HRH3,5A7
,,,,,,GPR20,1B11,,HRH3,5D1
,,,,,,GPR20,1C5,,HRH3,5D7
,,,,,,GPR21,1B1,,HRH3,5E1
,,,,,,GPR21,1C7,,HRH3,5E7
,,,,,,GPR21,1H1,,HRH3,5F1
,,,,,,GPR21,1G7,,HRH3,5G1
,,,,,,GPR21,2A7,,HRH3,5G7
,,,,,,GPR21,1A7,,HRH3,4G3
,,,,,,GPR27,2B5,,HRH3,4G9
,,,,,,GPR27,2B2,,HRH3,4H3
,,,,,,GPR27,2C8,,HRH3,5A3
,,,,,,GPR27,2C11,,HRH3,5A9
,,,,,,GPR31,10C10,,HRH3,5B3
,,,,,,GPR31,10D6,,HRH3,5B9
,,,,,,GPR31,10C11,,HRH3,5C3
,,,,,,GPR31,10D7,,HRH3,5D3
,,,,,,GPR34,1A11,,HRH3,5D9
,,,,,,GPR34,1A7,,HRH3,5E3
,,,,,,GPR55,2B8,,HRH3,5E9
,,,,,,GPR55,1G11,,HRH3,5F3
,,,,,,GPR55,2B11,,HRH3,5G3
,,,,,,GPR55,1G12,,HRH3,5G9
,,,,,,GPR55,2B12,,HRH3,4G4
,,,,,,GPR55,1G8,,HRH3,4G10
,,,,,,GRM2,1E+12,,HRH3,4H4
,,,,,,HCRTR1,1D1,,HRH3,5A4
,,,,,,HCRTR1,1E7,,HRH3,5A10
,,,,,,HRH1,2E9,,HRH3,5B4
,,,,,,HRH1,2E11,,HRH3,5B10
,,,,,,HRH2,1A1,,HRH3,5C4
,,,,,,HRH2,1G1,,HRH3,5D4
,,,,,,HRH2,1A5,,HRH3,5D10
,,,,,,HRH2,1G5,,HRH3,5E4
,,,,,,HTR1F,2B10,,HRH3,5E10
,,,,,,HTR1F,2E10,,HRH3,5F4
,,,,,,HTR1F,2E12,,HRH3,5G4
,,,,,,HTR1F,2B12,,HRH3,5G10
,,,,,,HTR2B,3F9,,HRH3,4G5
,,,,,,HTR2B,3F11,,HRH3,4G11
,,,,,,HTR2B,3F12,,HRH3,4H5
,,,,,,LGR4,3F10,,HRH3,5A5
,,,,,,NMBR,1E2,,HRH3,5A11
,,,,,,NMBR,1H6,,HRH3,5B5
,,,,,,NMBR,1B2,,HRH3,5B11
,,,,,,NMBR,1H2,,HRH3,5C5
,,,,,,NMBR,1B6,,HRH3,5D5
,,,,,,NMBR,1E6,,HRH3,5D11
,,,,,,NPY5R,3B2,,HRH3,5E5
,,,,,,NPY5R,2H12,,HRH3,5E11
,,,,,,NPY5R,3A12,,HRH3,5F5
,,,,,,NPY5R,3B6,,HRH3,5G5
,,,,,,NPY5R,2E8,,HRH3,5G11
,,,,,,NPY5R,2G2,,HRH3,4G6
,,,,,,NPY5R,2H8,,HRH3,4G12
,,,,,,NPY5R,2E12,,HRH3,4H6
,,,,,,NPY5R,2G6,,HRH3,5A6
,,,,,,NPY5R,3A8,,HRH3,5A12
,,,,,,NPY5R,2F12,,HRH3,5D6
,,,,,,NPY5R,2F8,,HRH3,5D12
,,,,,,OPN1LW,6A3,,HRH3,5E6
,,,,,,OPN1LW,6C9,,HRH3,5E12
,,,,,,OPN1LW,7E3,,HRH3,5F6
,,,,,,OPN1LW,7G9,,HRH3,5G6
,,,,,,OR10C1,7D2,,HRH3,5G12
,,,,,,OR10C1,7D8,,HRH3,5B1
,,,,,,OR10C1,3F2,,HRH3,5B7
,,,,,,OR10C1,3F8,,HRH3,5C1
,,,,,,OR10C1,7D6,,HRH3,5B6
,,,,,,OR10C1,7D12,,HRH3,5B12
,,,,,,OR10C1,3F6,,HRH3,5C6
,,,,,,OR10C1,3F12,,HRH3,1B3
,,,,,,OR10G7,2G8,,HRH3,1E3
,,,,,,OR10G7,2E4,,HRH3,1H3
,,,,,,OR10G7,2G10,,HRH3,2C3
,,,,,,OR10G7,2E2,,HRH3,1B6
,,,,,,OR10G7,2F10,,HRH3,1D12
,,,,,,OR10G7,2E1,,HRH3,1H6
,,,,,,OR10G7,2G7,,HRH3,2B12
,,,,,,OR10G7,2F8,,HRH3,2C6
,,,,,,OR10G7,2F7,,HRH3,1A9
,,,,,,OR12D2,2D12,,HRH3,1D9
,,,,,,OR12D2,2C6,,HRH3,1A12
,,,,,,OR12D2,2B6,,HRH3,1E6
,,,,,,OR12D3,1D2,,HRH3,1G12
,,,,,,OR12D3,2H2,,HRH3,1G9
,,,,,,OR12D3,1D4,,HRH3,2B9
,,,,,,OR12D3,2H4,,MAS1L,6A7
,,,,,,OR12D3,1G4,,MAS1L,6B1
,,,,,,OR12D3,3A10,,MAS1L,6B7
,,,,,,OR12D3,1E10,,MAS1L,6C1
,,,,,,OR12D3,1H10,,MAS1L,6D7
,,,,,,OR12D3,2E4,,MAS1L,6E1
,,,,,,OR12D3,2F10,,MAS1L,6E7
,,,,,,OR12D3,1E8,,MAS1L,6F1
,,,,,,OR12D3,1G2,,MAS1L,7E7
,,,,,,OR12D3,2E2,,MAS1L,7F1
,,,,,,OR12D3,2F8,,MAS1L,7F7
,,,,,,OR12D3,3A8,,MAS1L,7G1
,,,,,,OR14A2,3B1,,MAS1L,7H7
,,,,,,OR14A2,3B5,,MAS1L,3E1
,,,,,,OR1E1,2B3,,MAS1L,3E7
,,,,,,OR1E1,2E3,,MAS1L,3F1
,,,,,,OR1E1,2B1,,MAS1L,6A10
,,,,,,OR1E1,2B2,,MAS1L,6B4
,,,,,,OR1E1,2E2,,MAS1L,6B10
,,,,,,OR1E1,2E1,,MAS1L,6C4
,,,,,,OR2A2,2D5,,MAS1L,6D10
,,,,,,OR2B6,9H11,,MAS1L,6E4
,,,,,,OR2D3,1D9,,MAS1L,6E10
,,,,,,OR2D3,2B9,,MAS1L,6F4
,,,,,,OR2D3,1D11,,MAS1L,7E10
,,,,,,OR2D3,2B11,,MAS1L,7F4
,,,,,,OR2T29,1A2,,MAS1L,7F10
,,,,,,OR2T29,1B2,,MAS1L,7G4
,,,,,,OR2T29,1H2,,MAS1L,7H10
,,,,,,OR2T29,2A2,,MAS1L,3E4
,,,,,,OR2T29,1B8,,MAS1L,3E10
,,,,,,OR2T29,1C2,,MAS1L,3F4
,,,,,,OR2T29,1G2,,MAS1L,6A12
,,,,,,OR2T29,1H8,,MAS1L,6B6
,,,,,,OR4A16 ,11D1,,MAS1L,6B12
,,,,,,OR4C5,1F10,,MAS1L,6C6
,,,,,,OR4C5,1F12,,MAS1L,6D12
,,,,,,OR4D11,1B7,,MAS1L,6E6
,,,,,,OR4D11,1C1,,MAS1L,6E12
,,,,,,OR4D11,1E7,,MAS1L,6F6
,,,,,,OR4D11,1F1,,MAS1L,7E12
,,,,,,OR4D11,3A7,,MAS1L,7F6
,,,,,,OR4D11,3B1,,MAS1L,7F12
,,,,,,OR4D11,1B11,,MAS1L,7G6
,,,,,,OR4D11,1C5,,MAS1L,7H12
,,,,,,OR4D11,1E11,,MAS1L,3E6
,,,,,,OR4D11,1F5,,MAS1L,3E12
,,,,,,OR4D11,3A11,,MAS1L,3F6
,,,,,,OR4D11,3B5,,MC2R,6B6
,,,,,,OR4N2,6B4,,MC2R,6H6
,,,,,,OR4N2,6C4,,MC2R,2D11
,,,,,,OR4N2,6C10,,MRGPR,1H1
,,,,,,OR4N2,6H4,,MRGPR,1E3
,,,,,,OR4N2,7A4,,MRGPR,1F3
,,,,,,OR4N2,7A10,,MRGPR,1F9
,,,,,,OR4N2,7C4,,MRGPR,2F9
,,,,,,OR4N2,7D4,,MRGPR,2G9
,,,,,,OR4N2,7D10,,MRGPR,3A3
,,,,,,OR4N2,3E4,,MRGPR,1E4
,,,,,,OR4N2,3F4,,MRGPR,1E10
,,,,,,OR4N2,3F10,,MRGPR,1F4
,,,,,,OR4N2,6B5,,MRGPR,1F10
,,,,,,OR4N2,6C5,,MRGPR,1H4
,,,,,,OR4N2,6C11,,MRGPR,1H10
,,,,,,OR4N2,6H5,,MRGPR,2A4
,,,,,,OR4N2,7A11,,MRGPR,2A10
,,,,,,OR4N2,7C5,,MRGPR,2F4
,,,,,,OR4N2,7D5,,MRGPR,2F10
,,,,,,OR4N2,7D11,,MRGPR,2G4
,,,,,,OR4N2,3F5,,MRGPR,2G10
,,,,,,OR4N2,7A5,,MRGPR,2H10
,,,,,,OR4N2,3E5,,MRGPR,3A4
,,,,,,OR4N2,3F11,,MRGPR,3A10
,,,,,,OR51D1,1H3,,MRGPR,3B4
,,,,,,OR51D1,3A3,,MRGPR,3B10
,,,,,,OR51D1,3B3,,MRGPR,1G12
,,,,,,OR51D1,1B3,,MRGPR,1H6
,,,,,,OR51D1,1E3,,MRGPR,2A12
,,,,,,OR51D1,1F3,,MRGPR,2F1
,,,,,,OR51D1,2A3,,MRGPR,2G1
,,,,,,OR51D1,1C3,,MRGPR,2H7
,,,,,,OR51S1,1C12,,MRGPR,3B1
,,,,,,OR51S1,3B12,,MRGPR,1E9
,,,,,,OR51S1,3A12,,MRGPR,3A9
,,,,,,OR51S1,1B12,,MRGPR,3B9
,,,,,,OR56B1,6G1,,MRGPR,1D10
,,,,,,OR56B1,6H7,,MRGPR,1G10
,,,,,,OR56B1,7A1,,MRGPR,2E10
,,,,,,OR56B1,7B1,,MRGPR,1D12
,,,,,,OR56B1,7B7,,MRGPR,1F6
,,,,,,OR56B1,7C7,,MRGPR,1H12
,,,,,,OR56B1,7D1,,MRGPR,2A6
,,,,,,OR56B1,6G7,,MRGPR,2E12
,,,,,,OR5A2,1E9,,MRGPR,2F6
,,,,,,OR5A2,1E8,,MRGPR,2G6
,,,,,,OR5A2,1H9,,MRGPR,2H12
,,,,,,OR5A2,2C9,,MRGPR,3B6
,,,,,,OR5A2,1H8,,MRGPR,1D7
,,,,,,OR5A2,2C8,,MRGPR,1E1
,,,,,,OR5A2,1E7,,MRGPR,1F1
,,,,,,OR5A2,1H7,,MRGPR,1G7
,,,,,,OR5A2,2C7,,MRGPR,2A7
,,,,,,OR5AS1,1B9,,MRGPR,2E7
,,,,,,OR5AS1,1H9,,MRGPR,2F7
,,,,,,OR5AS1,1B10,,MRGPR,3A1
,,,,,,OR5AS1,2C9,,MRGPR,1E6
,,,,,,OR5AS1,1H11,,MRGPR,1E12
,,,,,,OR5AS1,1B8,,MRGPR,1F12
,,,,,,OR5AS1,1H10,,MRGPR,2F12
,,,,,,OR5AS1,2C10,,MRGPR,3A6
,,,,,,OR5AS1,1B11,,MRGPR,1F7
,,,,,,OR5AS1,2C11,,MRGPR,1H7
,,,,,,OR5AS1,2C8,,MRGPR,2A1
,,,,,,OR5C1,2H3,,MRGPR,2G7
,,,,,,OR5C1,2H6,,MRGPR,3A7
,,,,,,OR5D13,6G7,,MRGPR,2G12
,,,,,,OR5D13,6H1,,MRGPR,3A12
,,,,,,OR5L1,1F10,,MRGPR,1E7
,,,,,,OR5L1,2A10,,MRGPR,3B7
,,,,,,OR5L1,2D10,,MRGPR,3B12
,,,,,,OR5L1,2G10,,MRGPRX2,6C8
,,,,,,OR5L1,1F12,,MRGPRX2,6C9
,,,,,,OR5L1,2A7,,MRGPRX2,6C10
,,,,,,OR5L1,2D7,,MRGPRX2,1D9
,,,,,,OR5L1,2G7,,MRGPRX2,1G9
,,,,,,OR5L1,1E10,,MRGPRX2,1H3
,,,,,,OR5L1,1H10,,MRGPRX2,1H9
,,,,,,OR5L1,2C10,,MRGPRX2,2A3
,,,,,,OR5L1,2F10,,MRGPRX2,2A9
,,,,,,OR5L1,1F11,,MRGPRX2,2E9
,,,,,,OR5L1,2A11,,MRGPRX2,2F3
,,,,,,OR5L1,2D11,,MRGPRX2,2G3
,,,,,,OR5L1,2G11,,MRGPRX2,2H9
,,,,,,OR5L1,1E12,,MRGPRX2,3B3
,,,,,,OR5L1,2A12,,NPBWR1,2G11
,,,,,,OR5L1,2D12,,NPBWR1,2G5
,,,,,,OR5L1,2G12,,OR10G2,6H8
,,,,,,OR5L1,1E7,,OR10G2,7A8
,,,,,,OR5L1,1F7,,OR10J4,6G8
,,,,,,OR5L1,1H7,,OR10J4,6D8
,,,,,,OR5L1,2C7,,OR10J4,7E8
,,,,,,OR5L1,2F7,,OR10J4,7E9
,,,,,,OR5L1,1E11,,OR10J4,6G10
,,,,,,OR5L1,1H11,,OR10J4,6D9
,,,,,,OR5L1,2C11,,OR10J4,6G9
,,,,,,OR5L1,2F11,,OR10J4,7E10
,,,,,,OR5L1,1H12,,OR10J4,6D10
,,,,,,OR5L1,2C12,,OR10J4,6G10
,,,,,,OR5L1,2F12,,OR10K1,6F7
,,,,,,OR5T2,6G3,,OR10K1,7B7
,,,,,,OR5T2,7A3,,OR10K1,7C7
,,,,,,OR5T2,7G3,,OR10K1,7D7
,,,,,,OR5T2,6G5,,OR10K1,6D8
,,,,,,OR5T2,7A5,,OR10K1,6E8
,,,,,,OR5T2,7E5,,OR10K1,6F2
,,,,,,OR5T2,7G5,,OR10K1,6F8
,,,,,,OR5T2,7E3,,OR10K1,7B8
,,,,,,OR6C70,6H8,,OR10K1,7C8
,,,,,,OR6C70,3E8,,OR10K1,7D8
,,,,,,OR6C74,7C11,,OR10K1,7E8
,,,,,,OR6C74,7D11,,OR10K1,7H8
,,,,,,OR8B12,1H2,,OR10K1,3E8
,,,,,,OR8B12,2F2,,OR10K1,3F8
,,,,,,OR8B12,1G4,,OR10K1,6D9
,,,,,,OR8B12,1H4,,OR10K1,6E9
,,,,,,OR8B12,2B4,,OR10K1,6F3
,,,,,,OR8B12,2F4,,OR10K1,6F9
,,,,,,OR8B12,1G2,,OR10K1,7B9
,,,,,,OR8B12,2C2,,OR10K1,7C9
,,,,,,OR8B12,2C4,,OR10K1,7D3
,,,,,,OR8B12,2E4,,OR10K1,7D9
,,,,,,OR8B12,2B2,,OR10K1,7E9
,,,,,,OR8B12,2E2,,OR10K1,7F9
,,,,,,OR8B3,2G4,,OR10K1,7G3
,,,,,,OR8B3,2F2,,OR10K1,7G9
,,,,,,OR8B3,1B4,,OR10K1,3E9
,,,,,,OR8B3,1C4,,OR10K1,6F10
,,,,,,OR8B3,2D4,,OR10K1,7B10
,,,,,,OR8B3,2F4,,OR10K1,7C10
,,,,,,OR8B3,2D2,,OR10K1,7D4
,,,,,,OR8B3,2G2,,OR10K1,7D10
,,,,,,OR8B3,2C4,,OR10K1,7G10
,,,,,,OR8B3,1C2,,OR10K1,6D7
,,,,,,OR8B3,1B2,,OR10K1,7D1
,,,,,,OR8B3,2C2,,OR10K1,7G7
,,,,,,OR8D4,2F1,,OR10K1,7D2
,,,,,,OR8D4,2E1,,OR10K1,7F8
,,,,,,OR8D4,2G7,,OR10K1,7G2
,,,,,,OR8D4,2E7,,OR10K1,7G8
,,,,,,P2RY1,3A8,,OR10K1,3F2
,,,,,,P2RY1,2F7,,OR10K1,7H9
,,,,,,P2RY1,3A7,,OR10K1,3F3
,,,,,,P2RY1,1H8,,OR10K1,3F9
,,,,,,P2RY1,1E7,,OR10K1,6F4
,,,,,,P2RY1,1H7,,OR10K1,7G4
,,,,,,P2RY10,1D5,,OR10K1,3E10
,,,,,,P2RY10,1F11,,OR10K1,3F10
,,,,,,P2RY10,1F5,,OR10K1,6E7
,,,,,,P2RY10,1E11,,OR10K1,6F1
,,,,,,PTAFR,3B12,,OR10K1,7H7
,,,,,,PTGIR,1D6,,OR10K1,7F10
,,,,,,PTGIR,1D12,,OR10K1,7H10
,,,,,,PTGIR,3B12,,OR10K1,3F4
,,,,,,PTGIR,1F6,,OR10K1,7E7
,,,,,,PTGIR,1F12,,OR10K1,6E10
,,,,,,PTGIR,2E6,,OR10K1,7F7
,,,,,,PTGIR,2F6,,OR10K1,7G1
,,,,,,PTGIR,2G12,,OR10K1,3E7
,,,,,,PTGIR,2H12,,OR10K1,6D10
,,,,,,PTGIR,3A6,,OR10K1,3F7
,,,,,,PTGIR,3A12,,OR10K1,7E10
,,,,,,PTGIR,2G6,,OR10K1,3F1
,,,,,,PTGIR,2H6,,OR10T2,2D8
,,,,,,PTGIR,3B6,,OR10T2,2B2
,,,,,,PTGIR,1E6,,OR10T2,2D2
,,,,,,PTGIR,1E12,,OR11H12,2C2
,,,,,,PTGIR,2E12,,OR11H12,2C5
,,,,,,PTGIR,2F12,,OR11H12,2D5
,,,,,,QRFPR,1A7,,OR11H12,2D2
,,,,,,QRFPR,2E7,,OR11H2,2B8
,,,,,,S1PR2,9G7,,OR11H2,2G8
,,,,,,S1PR4,3A2,,OR11H2,2H8
,,,,,,S1PR4,2C2,,OR11H2,1A10
,,,,,,S1PR5,7E6,,OR11H2,2B10
,,,,,,S1PR5,2A6,,OR11H2,2C10
,,,,,,S1PR5,1A6,,OR11H2,2D10
,,,,,,S1PR5,1C6,,OR11H2,2F10
,,,,,,S1PR5,1G6,,OR11H2,2G4
,,,,,,S1PR5,2B6,,OR11H2,2G10
,,,,,,S1PR5,2D6,,OR11H2,2H10
,,,,,,S1PR5,1B12,,OR11H2,3B10
,,,,,,S1PR5,1H12,,OR11H2,1A8
,,,,,,S1PR5,2C12,,OR11H2,2E8
,,,,,,TAS2R31,3A1,,OR11H2,2G2
,,,,,,TAS2R31,1H5,,OR11H2,3B8
,,,,,,TAS2R31,2F5,,OR11H2,1B10
,,,,,,TAS2R31,3A5,,OR11H2,2D4
,,,,,,TAS2R31,1H6,,OR11H2,3A10
,,,,,,TAS2R31,2F6,,OR11H2,3B4
,,,,,,TAS2R31,3A6,,OR11H2,1C8
,,,,,,TAS2R31,1E1,,OR11H2,2D8
,,,,,,TAS2R31,1H1,,OR11H2,2F8
,,,,,,TAS2R31,2F1,,OR11H2,3B2
,,,,,,TAS2R31,1B5,,OR11H2,1C4
,,,,,,TAS2R31,1E5,,OR11H2,1C10
,,,,,,TAS2R31,1B6,,OR11H2,2E10
,,,,,,TAS2R31,1E6,,OR11H2,3A8
,,,,,,TAS2R31,1B1,,OR11H2,1B8
,,,,,,TAS2R38,3B10,,OR11H2,1C2
,,,,,,TAS2R38,3B12,,OR11H2,2D2
,,,,,,TAS2R38,3B9,,OR11H2,2C8
,,,,,,TAS2R7,2B5,,OR13C5,6H1
,,,,,,TAS2R7,2B11,,OR13C5,7A1
,,,,,,,,,OR13C5,7C1
,,,,,,,,,OR13C5,7D1
,,,,,,,,,OR13C5,6H2
,,,,,,,,,OR13C5,7A2
,,,,,,,,,OR13C5,7C2
,,,,,,,,,OR13C5,7D2
,,,,,,,,,OR13C5,3E2
,,,,,,,,,OR13C5,3F2
,,,,,,,,,OR13C5,6H6
,,,,,,,,,OR13C5,7A6
,,,,,,,,,OR13C5,7C6
,,,,,,,,,OR13C5,7D6
,,,,,,,,,OR13C5,3E6
,,,,,,,,,OR13C5,3F6
,,,,,,,,,OR13C5,3E1
,,,,,,,,,OR13C5,3F1
,,,,,,,,,OR13C9,1H5
,,,,,,,,,OR13C9,1G11
,,,,,,,,,OR13C9,1H6
,,,,,,,,,OR13C9,1G12
,,,,,,,,,OR13D1,3F7
,,,,,,,,,OR13D1,3E7
,,,,,,,,,OR14A16,6B1
,,,,,,,,,OR14A16,6B4
,,,,,,,,,OR14J1,6F5
,,,,,,,,,OR14J1,7A5
,,,,,,,,,OR14J1,3F5
,,,,,,,,,OR14J1,6F6
,,,,,,,,,OR14J1,7A6
,,,,,,,,,OR14J1,7A2
,,,,,,,,,OR14J1,3F6
,,,,,,,,,OR14J1,6F2
,,,,,,,,,OR14J1,3F2
,,,,,,,,,OR14K1,1C1
,,,,,,,,,OR14K1,1C7
,,,,,,,,,OR14K1,2A1
,,,,,,,,,OR14K1,2A7
,,,,,,,,,OR1A1,1D3
,,,,,,,,,OR1A1,1E3
,,,,,,,,,OR1A1,1E9
,,,,,,,,,OR1A1,1F9
,,,,,,,,,OR1A1,2B3
,,,,,,,,,OR1A1,2C3
,,,,,,,,,OR1A1,2C9
,,,,,,,,,OR1A1,2D9
,,,,,,,,,OR1A1,3A3
,,,,,,,,,OR1A1,2C1
,,,,,,,,,OR1A1,2D7
,,,,,,,,,OR1A1,1D2
,,,,,,,,,OR1A1,2C2
,,,,,,,,,OR1A1,2D8
,,,,,,,,,OR1A1,2H2
,,,,,,,,,OR1A1,2H3
,,,,,,,,,OR1A1,3A9
,,,,,,,,,OR1A1,3B9
,,,,,,,,,OR1A1,2B5
,,,,,,,,,OR1A1,2C5
,,,,,,,,,OR1A1,2C11
,,,,,,,,,OR1A1,2D11
,,,,,,,,,OR1A1,2H5
,,,,,,,,,OR1A1,2C6
,,,,,,,,,OR1A1,2D12
,,,,,,,,,OR1A1,1E1
,,,,,,,,,OR1A1,2B1
,,,,,,,,,OR1A1,2C7
,,,,,,,,,OR1A1,2H1
,,,,,,,,,OR1A1,3A1
,,,,,,,,,OR1A1,1E2
,,,,,,,,,OR1A1,1E8
,,,,,,,,,OR1A1,1F8
,,,,,,,,,OR1A1,2B2
,,,,,,,,,OR1A1,2C8
,,,,,,,,,OR1A1,3A2
,,,,,,,,,OR1A1,3A8
,,,,,,,,,OR1A1,3B8
,,,,,,,,,OR1A1,1D5
,,,,,,,,,OR1A1,1E5
,,,,,,,,,OR1A1,1E11
,,,,,,,,,OR1A1,1F11
,,,,,,,,,OR1A1,3A5
,,,,,,,,,OR1A1,3A11
,,,,,,,,,OR1A1,3B11
,,,,,,,,,OR1A1,1D6
,,,,,,,,,OR1A1,1E6
,,,,,,,,,OR1A1,1E12
,,,,,,,,,OR1A1,1F12
,,,,,,,,,OR1A1,2B6
,,,,,,,,,OR1A1,2C12
,,,,,,,,,OR1A1,2H6
,,,,,,,,,OR1A1,3A6
,,,,,,,,,OR1A1,1D1
,,,,,,,,,OR1A1,1E7
,,,,,,,,,OR1A1,1F7
,,,,,,,,,OR1A1,3A7
,,,,,,,,,OR1A1,3A12
,,,,,,,,,OR1A1,3B7
,,,,,,,,,OR1A1,3B12
,,,,,,,,,OR1C1,1G3
,,,,,,,,,OR1C1,1A3
,,,,,,,,,OR1C1,1B9
,,,,,,,,,OR1C1,1D3
,,,,,,,,,OR1C1,2B3
,,,,,,,,,OR1C1,2B4
,,,,,,,,,OR1C1,2H4
,,,,,,,,,OR1C1,1A2
,,,,,,,,,OR1C1,1D2
,,,,,,,,,OR1C1,2H2
,,,,,,,,,OR1C1,1H9
,,,,,,,,,OR1C1,2C9
,,,,,,,,,OR1C1,2D3
,,,,,,,,,OR1C1,2H3
,,,,,,,,,OR1C1,3B3
,,,,,,,,,OR1C1,2C10
,,,,,,,,,OR1C1,1A5
,,,,,,,,,OR1C1,1G5
,,,,,,,,,OR1C1,1H11
,,,,,,,,,OR1C1,2B5
,,,,,,,,,OR1C1,2H5
,,,,,,,,,OR1C1,1G2
,,,,,,,,,OR1C1,2B2
,,,,,,,,,OR1C1,3B2
,,,,,,,,,OR1C1,1C3
,,,,,,,,,OR1C1,2A3
,,,,,,,,,OR1C1,1A4
,,,,,,,,,OR1C1,1B10
,,,,,,,,,OR1C1,1D4
,,,,,,,,,OR1C1,1E10
,,,,,,,,,OR1C1,1G4
,,,,,,,,,OR1C1,2D4
,,,,,,,,,OR1C1,3A10
,,,,,,,,,OR1C1,3B4
,,,,,,,,,OR1C1,1B11
,,,,,,,,,OR1C1,1D5
,,,,,,,,,OR1C1,2C11
,,,,,,,,,OR1C1,2D5
,,,,,,,,,OR1C1,3B5
,,,,,,,,,OR1C1,1B8
,,,,,,,,,OR1C1,1C2
,,,,,,,,,OR1C1,1H8
,,,,,,,,,OR1C1,2A2
,,,,,,,,,OR1C1,2C8
,,,,,,,,,OR1C1,2D2
,,,,,,,,,OR1C1,3A8
,,,,,,,,,OR1C1,1E9
,,,,,,,,,OR1C1,1F3
,,,,,,,,,OR1C1,3A9
,,,,,,,,,OR1C1,1C4
,,,,,,,,,OR1C1,1F4
,,,,,,,,,OR1C1,1H10
,,,,,,,,,OR1C1,2A4
,,,,,,,,,OR1C1,1E11
,,,,,,,,,OR1C1,1F5
,,,,,,,,,OR1C1,2A5
,,,,,,,,,OR1C1,3A11
,,,,,,,,,OR1C1,1E8
,,,,,,,,,OR1C1,1F2
,,,,,,,,,OR1C1,1C5
,,,,,,,,,OR1L3,1G11
,,,,,,,,,OR1L3,1H11
,,,,,,,,,OR1L3,1D3
,,,,,,,,,OR1L3,1G3
,,,,,,,,,OR1L3,2E4
,,,,,,,,,OR1L3,1G5
,,,,,,,,,OR1L3,2B11
,,,,,,,,,OR1L3,2H11
,,,,,,,,,OR1L3,1D6
,,,,,,,,,OR1L3,1G6
,,,,,,,,,OR1L3,2C9
,,,,,,,,,OR1L3,2E3
,,,,,,,,,OR1L3,2F9
,,,,,,,,,OR1L3,1G4
,,,,,,,,,OR1L3,2B4
,,,,,,,,,OR1L3,2G4
,,,,,,,,,OR1L3,2H4
,,,,,,,,,OR1L3,1D11
,,,,,,,,,OR1L3,2C11
,,,,,,,,,OR1L3,2E5
,,,,,,,,,OR1L3,2E11
,,,,,,,,,OR1L3,2F11
,,,,,,,,,OR1L3,3B5
,,,,,,,,,OR1L3,1H12
,,,,,,,,,OR1L3,2H6
,,,,,,,,,OR1L3,3B6
,,,,,,,,,OR1L3,1H9
,,,,,,,,,OR1L3,2B3
,,,,,,,,,OR1L3,2D3
,,,,,,,,,OR1L3,2E9
,,,,,,,,,OR1L3,2G3
,,,,,,,,,OR1L3,2H3
,,,,,,,,,OR1L3,3A9
,,,,,,,,,OR1L3,3B3
,,,,,,,,,OR1L3,1D4
,,,,,,,,,OR1L3,1G10
,,,,,,,,,OR1L3,1H10
,,,,,,,,,OR1L3,2A4
,,,,,,,,,OR1L3,2C10
,,,,,,,,,OR1L3,2D4
,,,,,,,,,OR1L3,2F10
,,,,,,,,,OR1L3,3B4
,,,,,,,,,OR1L3,1D5
,,,,,,,,,OR1L3,2A5
,,,,,,,,,OR1L3,2B5
,,,,,,,,,OR1L3,2D5
,,,,,,,,,OR1L3,2G5
,,,,,,,,,OR1L3,2H5
,,,,,,,,,OR1L3,3A11
,,,,,,,,,OR1L3,1D12
,,,,,,,,,OR1L3,1E12
,,,,,,,,,OR1L3,1F6
,,,,,,,,,OR1L3,2B6
,,,,,,,,,OR1L3,2B12
,,,,,,,,,OR1L3,2D6
,,,,,,,,,OR1L3,2E6
,,,,,,,,,OR1L3,2E12
,,,,,,,,,OR1L3,2H12
,,,,,,,,,OR1L3,1D9
,,,,,,,,,OR1L3,2A3
,,,,,,,,,OR1L3,2H9
,,,,,,,,,OR1L3,1D10
,,,,,,,,,OR1L3,1E10
,,,,,,,,,OR1L3,1F4
,,,,,,,,,OR1L3,2B10
,,,,,,,,,OR1L3,2H10
,,,,,,,,,OR1L3,3A10
,,,,,,,,,OR1L3,1E11
,,,,,,,,,OR1L3,1F5
,,,,,,,,,OR1L3,1G12
,,,,,,,,,OR1L3,2A6
,,,,,,,,,OR1L3,2C12
,,,,,,,,,OR1L3,2F12
,,,,,,,,,OR1L3,2G6
,,,,,,,,,OR1L3,3A12
,,,,,,,,,OR1L3,1E9
,,,,,,,,,OR1L3,1F3
,,,,,,,,,OR1L3,1G9
,,,,,,,,,OR1L3,2B9
,,,,,,,,,OR1L3,2E10
,,,,,,,,,OR1L4,2H12
,,,,,,,,,OR2A4,1C2
,,,,,,,,,OR2A4,2A2
,,,,,,,,,OR2C3,1H10
,,,,,,,,,OR2C3,1E10
,,,,,,,,,OR2K2,2E2
,,,,,,,,,OR2K2,1A6
,,,,,,,,,OR2K2,2E6
,,,,,,,,,OR2K2,1A2
,,,,,,,,,OR2K2,2G2
,,,,,,,,,OR2K2,2H2
,,,,,,,,,OR2K2,2B6
,,,,,,,,,OR2K2,2H6
,,,,,,,,,OR2K2,2B2
,,,,,,,,,OR2K2,2F8
,,,,,,,,,OR2K2,3B2
,,,,,,,,,OR2K2,1B12
,,,,,,,,,OR2K2,2D6
,,,,,,,,,OR2K2,2G6
,,,,,,,,,OR2K2,3B6
,,,,,,,,,OR2K2,2D2
,,,,,,,,,OR2K2,3A8
,,,,,,,,,OR2K2,1C6
,,,,,,,,,OR2K2,2C12
,,,,,,,,,OR2K2,2F12
,,,,,,,,,OR2K2,1B8
,,,,,,,,,OR2K2,1C2
,,,,,,,,,OR2K2,3A12
,,,,,,,,,OR2K2,2C8
,,,,,,,,,OR2L5,1B9
,,,,,,,,,OR2L5,1A9
,,,,,,,,,OR2L5,1B3
,,,,,,,,,OR2L5,1H9
,,,,,,,,,OR2L5,2C9
,,,,,,,,,OR2L5,2D3
,,,,,,,,,OR2L5,2E9
,,,,,,,,,OR2L5,2F3
,,,,,,,,,OR2L5,2G3
,,,,,,,,,OR2L5,3B3
,,,,,,,,,OR2L5,2C10
,,,,,,,,,OR2L5,1H11
,,,,,,,,,OR2L5,1G8
,,,,,,,,,OR2L5,1H2
,,,,,,,,,OR2L5,2B8
,,,,,,,,,OR2L5,2F8
,,,,,,,,,OR2L5,2G2
,,,,,,,,,OR2L5,2G8
,,,,,,,,,OR2L5,2H8
,,,,,,,,,OR2L5,3B2
,,,,,,,,,OR2L5,1C3
,,,,,,,,,OR2L5,1C9
,,,,,,,,,OR2L5,1D9
,,,,,,,,,OR2L5,1G9
,,,,,,,,,OR2L5,1H3
,,,,,,,,,OR2L5,2A3
,,,,,,,,,OR2L5,2A9
,,,,,,,,,OR2L5,2B9
,,,,,,,,,OR2L5,2C3
,,,,,,,,,OR2L5,2F9
,,,,,,,,,OR2L5,2G9
,,,,,,,,,OR2L5,2H9
,,,,,,,,,OR2L5,3A3
,,,,,,,,,OR2L5,1A10
,,,,,,,,,OR2L5,1B4
,,,,,,,,,OR2L5,1B10
,,,,,,,,,OR2L5,1E10
,,,,,,,,,OR2L5,2B10
,,,,,,,,,OR2L5,2C4
,,,,,,,,,OR2L5,2D4
,,,,,,,,,OR2L5,2D10
,,,,,,,,,OR2L5,2F10
,,,,,,,,,OR2L5,2G4
,,,,,,,,,OR2L5,2G10
,,,,,,,,,OR2L5,2H10
,,,,,,,,,OR2L5,3A4
,,,,,,,,,OR2L5,3A10
,,,,,,,,,OR2L5,3B4
,,,,,,,,,OR2L5,3B10
,,,,,,,,,OR2L5,1B11
,,,,,,,,,OR2L5,1G11
,,,,,,,,,OR2L5,1H5
,,,,,,,,,OR2L5,2A11
,,,,,,,,,OR2L5,2B11
,,,,,,,,,OR2L5,2C11
,,,,,,,,,OR2L5,2D5
,,,,,,,,,OR2L5,2E11
,,,,,,,,,OR2L5,2F5
,,,,,,,,,OR2L5,2F11
,,,,,,,,,OR2L5,2G5
,,,,,,,,,OR2L5,2G11
,,,,,,,,,OR2L5,2H11
,,,,,,,,,OR2L5,3B5
,,,,,,,,,OR2L5,1B12
,,,,,,,,,OR2L5,2B12
,,,,,,,,,OR2L5,1A7
,,,,,,,,,OR2L5,1B1
,,,,,,,,,OR2L5,1B7
,,,,,,,,,OR2L5,1H1
,,,,,,,,,OR2L5,2B7
,,,,,,,,,OR2L5,2C1
,,,,,,,,,OR2L5,2C7
,,,,,,,,,OR2L5,2G1
,,,,,,,,,OR2L5,3B1
,,,,,,,,,OR2L5,1A8
,,,,,,,,,OR2L5,1B2
,,,,,,,,,OR2L5,1B8
,,,,,,,,,OR2L5,1C2
,,,,,,,,,OR2L5,1D8
,,,,,,,,,OR2L5,1H8
,,,,,,,,,OR2L5,2A2
,,,,,,,,,OR2L5,2A8
,,,,,,,,,OR2L5,2C2
,,,,,,,,,OR2L5,2C8
,,,,,,,,,OR2L5,2D2
,,,,,,,,,OR2L5,2D8
,,,,,,,,,OR2L5,2E8
,,,,,,,,,OR2L5,2F2
,,,,,,,,,OR2L5,3A2
,,,,,,,,,OR2L5,3A8
,,,,,,,,,OR2L5,3B8
,,,,,,,,,OR2L5,1E3
,,,,,,,,,OR2L5,1E9
,,,,,,,,,OR2L5,1F3
,,,,,,,,,OR2L5,1F9
,,,,,,,,,OR2L5,2D9
,,,,,,,,,OR2L5,3A9
,,,,,,,,,OR2L5,1C4
,,,,,,,,,OR2L5,1E4
,,,,,,,,,OR2L5,1F4
,,,,,,,,,OR2L5,1F10
,,,,,,,,,OR2L5,1H4
,,,,,,,,,OR2L5,1H10
,,,,,,,,,OR2L5,2A4
,,,,,,,,,OR2L5,2F4
,,,,,,,,,OR2L5,1A11
,,,,,,,,,OR2L5,1B5
,,,,,,,,,OR2L5,1C11
,,,,,,,,,OR2L5,1D11
,,,,,,,,,OR2L5,1E11
,,,,,,,,,OR2L5,1F5
,,,,,,,,,OR2L5,2A5
,,,,,,,,,OR2L5,2C5
,,,,,,,,,OR2L5,2D11
,,,,,,,,,OR2L5,3A5
,,,,,,,,,OR2L5,3A11
,,,,,,,,,OR2L5,3B11
,,,,,,,,,OR2L5,1A12
,,,,,,,,,OR2L5,1B6
,,,,,,,,,OR2L5,1G12
,,,,,,,,,OR2L5,1H6
,,,,,,,,,OR2L5,1H12
,,,,,,,,,OR2L5,2A12
,,,,,,,,,OR2L5,2C6
,,,,,,,,,OR2L5,2C12
,,,,,,,,,OR2L5,2D6
,,,,,,,,,OR2L5,2D12
,,,,,,,,,OR2L5,2E12
,,,,,,,,,OR2L5,2F6
,,,,,,,,,OR2L5,2G6
,,,,,,,,,OR2L5,2H12
,,,,,,,,,OR2L5,3B6
,,,,,,,,,OR2L5,2D1
,,,,,,,,,OR2L5,2D7
,,,,,,,,,OR2L5,2F1
,,,,,,,,,OR2L5,2F7
,,,,,,,,,OR2L5,2H7
,,,,,,,,,OR2L5,3A1
,,,,,,,,,OR2L5,1C8
,,,,,,,,,OR2L5,1E2
,,,,,,,,,OR2L5,1E8
,,,,,,,,,OR2L5,1F2
,,,,,,,,,OR2L5,1F8
,,,,,,,,,OR2L5,3B9
,,,,,,,,,OR2L5,1C10
,,,,,,,,,OR2L5,1D10
,,,,,,,,,OR2L5,1G10
,,,,,,,,,OR2L5,2A10
,,,,,,,,,OR2L5,2E10
,,,,,,,,,OR2L5,1C5
,,,,,,,,,OR2L5,1E5
,,,,,,,,,OR2L5,1F11
,,,,,,,,,OR2L5,1C6
,,,,,,,,,OR2L5,1C12
,,,,,,,,,OR2L5,1D12
,,,,,,,,,OR2L5,1E12
,,,,,,,,,OR2L5,1F6
,,,,,,,,,OR2L5,2A6
,,,,,,,,,OR2L5,2F12
,,,,,,,,,OR2L5,3A6
,,,,,,,,,OR2L5,1D7
,,,,,,,,,OR2L5,1E1
,,,,,,,,,OR2L5,1F1
,,,,,,,,,OR2L5,1G7
,,,,,,,,,OR2L5,2E7
,,,,,,,,,OR2L5,2G7
,,,,,,,,,OR2L5,3A7
,,,,,,,,,OR2L5,1E6
,,,,,,,,,OR2L5,1F12
,,,,,,,,,OR2L5,2G12
,,,,,,,,,OR2L5,3A12
,,,,,,,,,OR2L5,1C7
,,,,,,,,,OR2L5,1E7
,,,,,,,,,OR2L5,1F7
,,,,,,,,,OR2L5,1H7
,,,,,,,,,OR2L5,2A1
,,,,,,,,,OR2L5,2A7
,,,,,,,,,OR2L5,3B12
,,,,,,,,,OR2L5,1C1
,,,,,,,,,OR2L5,3B7
,,,,,,,,,OR2W1,1D3
,,,,,,,,,OR2W1,1G3
,,,,,,,,,OR2W1,2E3
,,,,,,,,,OR2W1,1A5
,,,,,,,,,OR2W1,1G5
,,,,,,,,,OR2W1,2A11
,,,,,,,,,OR2W1,2E5
,,,,,,,,,OR2W1,1D6
,,,,,,,,,OR2W1,1G6
,,,,,,,,,OR2W1,1A3
,,,,,,,,,OR2W1,1C9
,,,,,,,,,OR2W1,1F9
,,,,,,,,,OR2W1,2A9
,,,,,,,,,OR2W1,2G3
,,,,,,,,,OR2W1,2G9
,,,,,,,,,OR2W1,1C11
,,,,,,,,,OR2W1,2G5
,,,,,,,,,OR2W1,2G11
,,,,,,,,,OR2W1,1A6
,,,,,,,,,OR2W1,1D5
,,,,,,,,,OR2W1,2A5
,,,,,,,,,OR2W1,1F6
,,,,,,,,,OR2W1,2A12
,,,,,,,,,OR2W1,2E6
,,,,,,,,,OR2W1,2A3
,,,,,,,,,OR2W1,1F5
,,,,,,,,,OR2W1,1F11
,,,,,,,,,OR2W1,1C12
,,,,,,,,,OR2W1,1F12
,,,,,,,,,OR2W1,2A6
,,,,,,,,,OR2W1,2G6
,,,,,,,,,OR2W1,1C3
,,,,,,,,,OR2W1,1F3
,,,,,,,,,OR2W1,1C5
,,,,,,,,,OR2W1,1C6
,,,,,,,,,OR2W1,2G12
,,,,,,,,,OR2W3,1C4
,,,,,,,,,OR2W3,2A4
,,,,,,,,,OR3A3,7F3
,,,,,,,,,OR3A3,7F9
,,,,,,,,,OR4A47,1B9
,,,,,,,,,OR4A47,1G3
,,,,,,,,,OR4A47,2E2
,,,,,,,,,OR4A47,1A3
,,,,,,,,,OR4A47,1A9
,,,,,,,,,OR4A47,1B3
,,,,,,,,,OR4A47,1D3
,,,,,,,,,OR4A47,1H9
,,,,,,,,,OR4A47,2B3
,,,,,,,,,OR4A47,2C9
,,,,,,,,,OR4A47,2D3
,,,,,,,,,OR4A47,2E3
,,,,,,,,,OR4A47,2E9
,,,,,,,,,OR4A47,2F3
,,,,,,,,,OR4A47,2G3
,,,,,,,,,OR4A47,3B3
,,,,,,,,,OR4A47,2B4
,,,,,,,,,OR4A47,2C10
,,,,,,,,,OR4A47,2H4
,,,,,,,,,OR4A47,1H11
,,,,,,,,,OR4A47,2E5
,,,,,,,,,OR4A47,1A2
,,,,,,,,,OR4A47,1D2
,,,,,,,,,OR4A47,1G8
,,,,,,,,,OR4A47,1H2
,,,,,,,,,OR4A47,2B8
,,,,,,,,,OR4A47,2F8
,,,,,,,,,OR4A47,2G2
,,,,,,,,,OR4A47,2G8
,,,,,,,,,OR4A47,2H2
,,,,,,,,,OR4A47,2H8
,,,,,,,,,OR4A47,3B2
,,,,,,,,,OR4A47,1C3
,,,,,,,,,OR4A47,1C9
,,,,,,,,,OR4A47,1D9
,,,,,,,,,OR4A47,1G9
,,,,,,,,,OR4A47,1H3
,,,,,,,,,OR4A47,2A3
,,,,,,,,,OR4A47,2A9
,,,,,,,,,OR4A47,2B9
,,,,,,,,,OR4A47,2C3
,,,,,,,,,OR4A47,2F9
,,,,,,,,,OR4A47,2G9
,,,,,,,,,OR4A47,2H3
,,,,,,,,,OR4A47,2H9
,,,,,,,,,OR4A47,3A3
,,,,,,,,,OR4A47,1A10
,,,,,,,,,OR4A47,1B4
,,,,,,,,,OR4A47,1B10
,,,,,,,,,OR4A47,1E10
,,,,,,,,,OR4A47,2B10
,,,,,,,,,OR4A47,2C4
,,,,,,,,,OR4A47,2D4
,,,,,,,,,OR4A47,2D10
,,,,,,,,,OR4A47,2E4
,,,,,,,,,OR4A47,2F10
,,,,,,,,,OR4A47,2G4
,,,,,,,,,OR4A47,2G10
,,,,,,,,,OR4A47,2H10
,,,,,,,,,OR4A47,3A4
,,,,,,,,,OR4A47,3A10
,,,,,,,,,OR4A47,3B4
,,,,,,,,,OR4A47,3B10
,,,,,,,,,OR4A47,1A5
,,,,,,,,,OR4A47,1B11
,,,,,,,,,OR4A47,1G5
,,,,,,,,,OR4A47,1G11
,,,,,,,,,OR4A47,1H5
,,,,,,,,,OR4A47,2A11
,,,,,,,,,OR4A47,2B5
,,,,,,,,,OR4A47,2B11
,,,,,,,,,OR4A47,2C11
,,,,,,,,,OR4A47,2D5
,,,,,,,,,OR4A47,2E11
,,,,,,,,,OR4A47,2F5
,,,,,,,,,OR4A47,2F11
,,,,,,,,,OR4A47,2G5
,,,,,,,,,OR4A47,2G11
,,,,,,,,,OR4A47,2H5
,,,,,,,,,OR4A47,2H11
,,,,,,,,,OR4A47,3B5
,,,,,,,,,OR4A47,1A6
,,,,,,,,,OR4A47,1B12
,,,,,,,,,OR4A47,1G6
,,,,,,,,,OR4A47,2B12
,,,,,,,,,OR4A47,2E6
,,,,,,,,,OR4A47,1A7
,,,,,,,,,OR4A47,1B1
,,,,,,,,,OR4A47,1B7
,,,,,,,,,OR4A47,1H1
,,,,,,,,,OR4A47,2B1
,,,,,,,,,OR4A47,2B7
,,,,,,,,,OR4A47,2C1
,,,,,,,,,OR4A47,2C7
,,,,,,,,,OR4A47,2E1
,,,,,,,,,OR4A47,2G1
,,,,,,,,,OR4A47,2H1
,,,,,,,,,OR4A47,3B1
,,,,,,,,,OR4A47,1A8
,,,,,,,,,OR4A47,1B2
,,,,,,,,,OR4A47,1B8
,,,,,,,,,OR4A47,1C2
,,,,,,,,,OR4A47,1D8
,,,,,,,,,OR4A47,1G2
,,,,,,,,,OR4A47,1H8
,,,,,,,,,OR4A47,2A2
,,,,,,,,,OR4A47,2A8
,,,,,,,,,OR4A47,2B2
,,,,,,,,,OR4A47,2C2
,,,,,,,,,OR4A47,2C8
,,,,,,,,,OR4A47,2D2
,,,,,,,,,OR4A47,2D8
,,,,,,,,,OR4A47,2E8
,,,,,,,,,OR4A47,2F2
,,,,,,,,,OR4A47,3A2
,,,,,,,,,OR4A47,3A8
,,,,,,,,,OR4A47,3B8
,,,,,,,,,OR4A47,1E3
,,,,,,,,,OR4A47,1E9
,,,,,,,,,OR4A47,1F3
,,,,,,,,,OR4A47,1F9
,,,,,,,,,OR4A47,2D9
,,,,,,,,,OR4A47,3A9
,,,,,,,,,OR4A47,1A4
,,,,,,,,,OR4A47,1C4
,,,,,,,,,OR4A47,1D4
,,,,,,,,,OR4A47,1E4
,,,,,,,,,OR4A47,1F4
,,,,,,,,,OR4A47,1F10
,,,,,,,,,OR4A47,1G4
,,,,,,,,,OR4A47,1H4
,,,,,,,,,OR4A47,1H10
,,,,,,,,,OR4A47,2A4
,,,,,,,,,OR4A47,2F4
,,,,,,,,,OR4A47,1A11
,,,,,,,,,OR4A47,1B5
,,,,,,,,,OR4A47,1C11
,,,,,,,,,OR4A47,1D5
,,,,,,,,,OR4A47,1D11
,,,,,,,,,OR4A47,1E11
,,,,,,,,,OR4A47,1F5
,,,,,,,,,OR4A47,2A5
,,,,,,,,,OR4A47,2C5
,,,,,,,,,OR4A47,2D11
,,,,,,,,,OR4A47,3A5
,,,,,,,,,OR4A47,3A11
,,,,,,,,,OR4A47,3B11
,,,,,,,,,OR4A47,1A12
,,,,,,,,,OR4A47,1B6
,,,,,,,,,OR4A47,1D6
,,,,,,,,,OR4A47,1G12
,,,,,,,,,OR4A47,1H6
,,,,,,,,,OR4A47,1H12
,,,,,,,,,OR4A47,2A12
,,,,,,,,,OR4A47,2B6
,,,,,,,,,OR4A47,2C6
,,,,,,,,,OR4A47,2C12
,,,,,,,,,OR4A47,2D6
,,,,,,,,,OR4A47,2D12
,,,,,,,,,OR4A47,2E12
,,,,,,,,,OR4A47,2F6
,,,,,,,,,OR4A47,2G6
,,,,,,,,,OR4A47,2H6
,,,,,,,,,OR4A47,2H12
,,,,,,,,,OR4A47,3B6
,,,,,,,,,OR4A47,1A1
,,,,,,,,,OR4A47,1D1
,,,,,,,,,OR4A47,2D1
,,,,,,,,,OR4A47,2D7
,,,,,,,,,OR4A47,2F1
,,,,,,,,,OR4A47,2F7
,,,,,,,,,OR4A47,2H7
,,,,,,,,,OR4A47,3A1
,,,,,,,,,OR4A47,1C8
,,,,,,,,,OR4A47,1E2
,,,,,,,,,OR4A47,1E8
,,,,,,,,,OR4A47,1F2
,,,,,,,,,OR4A47,1F8
,,,,,,,,,OR4A47,3B9
,,,,,,,,,OR4A47,1C10
,,,,,,,,,OR4A47,1D10
,,,,,,,,,OR4A47,1G10
,,,,,,,,,OR4A47,2A10
,,,,,,,,,OR4A47,2E10
,,,,,,,,,OR4A47,1C5
,,,,,,,,,OR4A47,1E5
,,,,,,,,,OR4A47,1F11
,,,,,,,,,OR4A47,1C6
,,,,,,,,,OR4A47,1C12
,,,,,,,,,OR4A47,1D12
,,,,,,,,,OR4A47,1E12
,,,,,,,,,OR4A47,1F6
,,,,,,,,,OR4A47,2A6
,,,,,,,,,OR4A47,2F12
,,,,,,,,,OR4A47,3A6
,,,,,,,,,OR4A47,1D7
,,,,,,,,,OR4A47,1E1
,,,,,,,,,OR4A47,1F1
,,,,,,,,,OR4A47,1G7
,,,,,,,,,OR4A47,2E7
,,,,,,,,,OR4A47,2G7
,,,,,,,,,OR4A47,3A7
,,,,,,,,,OR4A47,1E6
,,,,,,,,,OR4A47,1F12
,,,,,,,,,OR4A47,2G12
,,,,,,,,,OR4A47,3A12
,,,,,,,,,OR4A47,1C7
,,,,,,,,,OR4A47,1E7
,,,,,,,,,OR4A47,1F7
,,,,,,,,,OR4A47,1G1
,,,,,,,,,OR4A47,1H7
,,,,,,,,,OR4A47,2A1
,,,,,,,,,OR4A47,2A7
,,,,,,,,,OR4A47,3B12
,,,,,,,,,OR4A47,1C1
,,,,,,,,,OR4A47,3B7
,,,,,,,,,OR4A5,1F3
,,,,,,,,,OR4A5,1E9
,,,,,,,,,OR4A5,1F1
,,,,,,,,,OR4A5,1F2
,,,,,,,,,OR4A5,1E8
,,,,,,,,,OR4A5,1E7
,,,,,,,,,OR4C12,6A2
,,,,,,,,,OR4C12,6B8
,,,,,,,,,OR4C12,6C2
,,,,,,,,,OR4C12,6D2
,,,,,,,,,OR4C12,6E2
,,,,,,,,,OR4C12,7H2
,,,,,,,,,OR4C12,6A3
,,,,,,,,,OR4C12,6B3
,,,,,,,,,OR4C12,6B9
,,,,,,,,,OR4C12,6C3
,,,,,,,,,OR4C12,6D3
,,,,,,,,,OR4C12,6E3
,,,,,,,,,OR4C12,3E3
,,,,,,,,,OR4C12,6A4
,,,,,,,,,OR4C12,6D4
,,,,,,,,,OR4C12,6A5
,,,,,,,,,OR4C12,6B5
,,,,,,,,,OR4C12,6B11
,,,,,,,,,OR4C12,6C5
,,,,,,,,,OR4C12,6D5
,,,,,,,,,OR4C12,6E5
,,,,,,,,,OR4C12,6E11
,,,,,,,,,OR4C12,6F11
,,,,,,,,,OR4C12,7H5
,,,,,,,,,OR4C12,3E5
,,,,,,,,,OR4C12,3E11
,,,,,,,,,OR4C12,6A6
,,,,,,,,,OR4C12,6D6
,,,,,,,,,OR4C12,6F12
,,,,,,,,,OR4C12,7H6
,,,,,,,,,OR4C12,6B2
,,,,,,,,,OR4C12,6F8
,,,,,,,,,OR4C12,3F8
,,,,,,,,,OR4C12,6C9
,,,,,,,,,OR4C12,6F3
,,,,,,,,,OR4C12,7H3
,,,,,,,,,OR4C12,3E9
,,,,,,,,,OR4C12,6C10
,,,,,,,,,OR4C12,7H4
,,,,,,,,,OR4C12,3E4
,,,,,,,,,OR4C12,6C11
,,,,,,,,,OR4C12,6F5
,,,,,,,,,OR4C12,3F5
,,,,,,,,,OR4C12,3F11
,,,,,,,,,OR4C12,6B6
,,,,,,,,,OR4C12,6B12
,,,,,,,,,OR4C12,6C6
,,,,,,,,,OR4C12,6C12
,,,,,,,,,OR4C12,6E6
,,,,,,,,,OR4C12,6E12
,,,,,,,,,OR4C12,3E12
,,,,,,,,,OR4C12,3F12
,,,,,,,,,OR4C12,6E8
,,,,,,,,,OR4C12,3E2
,,,,,,,,,OR4C12,3E8
,,,,,,,,,OR4C12,6E9
,,,,,,,,,OR4C12,6F9
,,,,,,,,,OR4C12,6C4
,,,,,,,,,OR4C12,6E4
,,,,,,,,,OR4C12,6F10
,,,,,,,,,OR4C12,3E10
,,,,,,,,,OR4C12,6F6
,,,,,,,,,OR4C12,3E6
,,,,,,,,,OR4C12,6C8
,,,,,,,,,OR4C12,6B10
,,,,,,,,,OR4C12,3F4
,,,,,,,,,OR4C12,3F10
,,,,,,,,,OR4C12,3F6
,,,,,,,,,OR4C12,6F2
,,,,,,,,,OR4C12,3F3
,,,,,,,,,OR4C12,6E10
,,,,,,,,,OR4C12,6B4
,,,,,,,,,OR4C12,6F4
,,,,,,,,,OR4C12,3F2
,,,,,,,,,OR4C12,3F9
,,,,,,,,,OR4K1,5C10
,,,,,,,,,OR4K1,5C12
,,,,,,,,,OR4K1,5C4
,,,,,,,,,OR4K1,5C6
,,,,,,,,,OR4M1,3A4
,,,,,,,,,OR4M1,2H4
,,,,,,,,,OR4P4,1A1
,,,,,,,,,OR4P4,1A3
,,,,,,,,,OR4P4,1C3
,,,,,,,,,OR4P4,1C9
,,,,,,,,,OR4P4,1A4
,,,,,,,,,OR4P4,1C4
,,,,,,,,,OR4P4,1C10
,,,,,,,,,OR4P4,1A6
,,,,,,,,,OR4P4,1C6
,,,,,,,,,OR4P4,1C12
,,,,,,,,,OR4P4,1C1
,,,,,,,,,OR4P4,1C7
,,,,,,,,,OR4X1,7G7
,,,,,,,,,OR4X1,7F8
,,,,,,,,,OR4X1,7G2
,,,,,,,,,OR4X1,7G8
,,,,,,,,,OR4X1,7G12
,,,,,,,,,OR4X1,7F12
,,,,,,,,,OR4X1,7G6
,,,,,,,,,OR4X1,7F7
,,,,,,,,,OR4X1,7G1
,,,,,,,,,OR51F1,7D11
,,,,,,,,,OR51L1,1D10
,,,,,,,,,OR51L1,1G4
,,,,,,,,,OR51L1,1G10
,,,,,,,,,OR51L1,2E4
,,,,,,,,,OR51L1,2E10
,,,,,,,,,OR51L1,1D1
,,,,,,,,,OR51L1,1D7
,,,,,,,,,OR51L1,1G7
,,,,,,,,,OR51L1,2E1
,,,,,,,,,OR51L1,2E7
,,,,,,,,,OR51L1,1D4
,,,,,,,,,OR51L1,1G1
,,,,,,,,,OR51Q1,3E3
,,,,,,,,,OR51Q1,1G3
,,,,,,,,,OR51Q1,2E2
,,,,,,,,,OR51Q1,1A3
,,,,,,,,,OR51Q1,1B9
,,,,,,,,,OR51Q1,1D3
,,,,,,,,,OR51Q1,2B3
,,,,,,,,,OR51Q1,2E3
,,,,,,,,,OR51Q1,2B4
,,,,,,,,,OR51Q1,2H4
,,,,,,,,,OR51Q1,2E5
,,,,,,,,,OR51Q1,1A2
,,,,,,,,,OR51Q1,1D2
,,,,,,,,,OR51Q1,2H2
,,,,,,,,,OR51Q1,1A9
,,,,,,,,,OR51Q1,1B3
,,,,,,,,,OR51Q1,1H9
,,,,,,,,,OR51Q1,2C9
,,,,,,,,,OR51Q1,2D3
,,,,,,,,,OR51Q1,2E9
,,,,,,,,,OR51Q1,2F3
,,,,,,,,,OR51Q1,2G3
,,,,,,,,,OR51Q1,2H3
,,,,,,,,,OR51Q1,3B3
,,,,,,,,,OR51Q1,2C10
,,,,,,,,,OR51Q1,2E4
,,,,,,,,,OR51Q1,1A5
,,,,,,,,,OR51Q1,1G5
,,,,,,,,,OR51Q1,1H11
,,,,,,,,,OR51Q1,2B5
,,,,,,,,,OR51Q1,2H5
,,,,,,,,,OR51Q1,1A6
,,,,,,,,,OR51Q1,1G6
,,,,,,,,,OR51Q1,2E6
,,,,,,,,,OR51Q1,2B1
,,,,,,,,,OR51Q1,2E1
,,,,,,,,,OR51Q1,2H1
,,,,,,,,,OR51Q1,1G2
,,,,,,,,,OR51Q1,1G8
,,,,,,,,,OR51Q1,1H2
,,,,,,,,,OR51Q1,2B2
,,,,,,,,,OR51Q1,2B8
,,,,,,,,,OR51Q1,2F8
,,,,,,,,,OR51Q1,2G2
,,,,,,,,,OR51Q1,2G8
,,,,,,,,,OR51Q1,2H8
,,,,,,,,,OR51Q1,3B2
,,,,,,,,,OR51Q1,1C3
,,,,,,,,,OR51Q1,1C9
,,,,,,,,,OR51Q1,1D9
,,,,,,,,,OR51Q1,1G9
,,,,,,,,,OR51Q1,1H3
,,,,,,,,,OR51Q1,2A3
,,,,,,,,,OR51Q1,2A9
,,,,,,,,,OR51Q1,2B9
,,,,,,,,,OR51Q1,2C3
,,,,,,,,,OR51Q1,2F9
,,,,,,,,,OR51Q1,2G9
,,,,,,,,,OR51Q1,2H9
,,,,,,,,,OR51Q1,3A3
,,,,,,,,,OR51Q1,1A4
,,,,,,,,,OR51Q1,1A10
,,,,,,,,,OR51Q1,1B4
,,,,,,,,,OR51Q1,1B10
,,,,,,,,,OR51Q1,1D4
,,,,,,,,,OR51Q1,1E10
,,,,,,,,,OR51Q1,1G4
,,,,,,,,,OR51Q1,2B10
,,,,,,,,,OR51Q1,2C4
,,,,,,,,,OR51Q1,2D4
,,,,,,,,,OR51Q1,2D10
,,,,,,,,,OR51Q1,2F10
,,,,,,,,,OR51Q1,2G4
,,,,,,,,,OR51Q1,2G10
,,,,,,,,,OR51Q1,2H10
,,,,,,,,,OR51Q1,3A4
,,,,,,,,,OR51Q1,3A10
,,,,,,,,,OR51Q1,3B4
,,,,,,,,,OR51Q1,3B10
,,,,,,,,,OR51Q1,1B11
,,,,,,,,,OR51Q1,1D5
,,,,,,,,,OR51Q1,1G11
,,,,,,,,,OR51Q1,1H5
,,,,,,,,,OR51Q1,2A11
,,,,,,,,,OR51Q1,2B11
,,,,,,,,,OR51Q1,2C11
,,,,,,,,,OR51Q1,2D5
,,,,,,,,,OR51Q1,2E11
,,,,,,,,,OR51Q1,2F5
,,,,,,,,,OR51Q1,2F11
,,,,,,,,,OR51Q1,2G5
,,,,,,,,,OR51Q1,2G11
,,,,,,,,,OR51Q1,2H11
,,,,,,,,,OR51Q1,3B5
,,,,,,,,,OR51Q1,1B12
,,,,,,,,,OR51Q1,1D6
,,,,,,,,,OR51Q1,2B6
,,,,,,,,,OR51Q1,2B12
,,,,,,,,,OR51Q1,2H6
,,,,,,,,,OR51Q1,1A1
,,,,,,,,,OR51Q1,1A7
,,,,,,,,,OR51Q1,1B1
,,,,,,,,,OR51Q1,1B7
,,,,,,,,,OR51Q1,1D1
,,,,,,,,,OR51Q1,1H1
,,,,,,,,,OR51Q1,2B7
,,,,,,,,,OR51Q1,2C1
,,,,,,,,,OR51Q1,2C7
,,,,,,,,,OR51Q1,2G1
,,,,,,,,,OR51Q1,3B1
,,,,,,,,,OR51Q1,1A8
,,,,,,,,,OR51Q1,1B2
,,,,,,,,,OR51Q1,1B8
,,,,,,,,,OR51Q1,1C2
,,,,,,,,,OR51Q1,1D8
,,,,,,,,,OR51Q1,1H8
,,,,,,,,,OR51Q1,2A2
,,,,,,,,,OR51Q1,2A8
,,,,,,,,,OR51Q1,2C2
,,,,,,,,,OR51Q1,2C8
,,,,,,,,,OR51Q1,2D2
,,,,,,,,,OR51Q1,2D8
,,,,,,,,,OR51Q1,2E8
,,,,,,,,,OR51Q1,2F2
,,,,,,,,,OR51Q1,3A2
,,,,,,,,,OR51Q1,3A8
,,,,,,,,,OR51Q1,3B8
,,,,,,,,,OR51Q1,1E3
,,,,,,,,,OR51Q1,1E9
,,,,,,,,,OR51Q1,1F3
,,,,,,,,,OR51Q1,1F9
,,,,,,,,,OR51Q1,2D9
,,,,,,,,,OR51Q1,3A9
,,,,,,,,,OR51Q1,1C4
,,,,,,,,,OR51Q1,1E4
,,,,,,,,,OR51Q1,1F4
,,,,,,,,,OR51Q1,1F10
,,,,,,,,,OR51Q1,1H4
,,,,,,,,,OR51Q1,1H10
,,,,,,,,,OR51Q1,2A4
,,,,,,,,,OR51Q1,2F4
,,,,,,,,,OR51Q1,1A11
,,,,,,,,,OR51Q1,1B5
,,,,,,,,,OR51Q1,1C11
,,,,,,,,,OR51Q1,1D11
,,,,,,,,,OR51Q1,1E11
,,,,,,,,,OR51Q1,1F5
,,,,,,,,,OR51Q1,2A5
,,,,,,,,,OR51Q1,2C5
,,,,,,,,,OR51Q1,2D11
,,,,,,,,,OR51Q1,3A5
,,,,,,,,,OR51Q1,3A11
,,,,,,,,,OR51Q1,3B11
,,,,,,,,,OR51Q1,1A12
,,,,,,,,,OR51Q1,1B6
,,,,,,,,,OR51Q1,1G12
,,,,,,,,,OR51Q1,1H6
,,,,,,,,,OR51Q1,1H12
,,,,,,,,,OR51Q1,2A12
,,,,,,,,,OR51Q1,2C6
,,,,,,,,,OR51Q1,2C12
,,,,,,,,,OR51Q1,2D6
,,,,,,,,,OR51Q1,2D12
,,,,,,,,,OR51Q1,2E12
,,,,,,,,,OR51Q1,2F6
,,,,,,,,,OR51Q1,2G6
,,,,,,,,,OR51Q1,2H12
,,,,,,,,,OR51Q1,3B6
,,,,,,,,,OR51Q1,2D1
,,,,,,,,,OR51Q1,2D7
,,,,,,,,,OR51Q1,2F1
,,,,,,,,,OR51Q1,2F7
,,,,,,,,,OR51Q1,2H7
,,,,,,,,,OR51Q1,3A1
,,,,,,,,,OR51Q1,1C8
,,,,,,,,,OR51Q1,1E2
,,,,,,,,,OR51Q1,1E8
,,,,,,,,,OR51Q1,1F2
,,,,,,,,,OR51Q1,1F8
,,,,,,,,,OR51Q1,3B9
,,,,,,,,,OR51Q1,1C10
,,,,,,,,,OR51Q1,1D10
,,,,,,,,,OR51Q1,1G10
,,,,,,,,,OR51Q1,2A10
,,,,,,,,,OR51Q1,2E10
,,,,,,,,,OR51Q1,1C5
,,,,,,,,,OR51Q1,1E5
,,,,,,,,,OR51Q1,1F11
,,,,,,,,,OR51Q1,1C6
,,,,,,,,,OR51Q1,1C12
,,,,,,,,,OR51Q1,1D12
,,,,,,,,,OR51Q1,1E12
,,,,,,,,,OR51Q1,1F6
,,,,,,,,,OR51Q1,2A6
,,,,,,,,,OR51Q1,2F12
,,,,,,,,,OR51Q1,3A6
,,,,,,,,,OR51Q1,1D7
,,,,,,,,,OR51Q1,1E1
,,,,,,,,,OR51Q1,1F1
,,,,,,,,,OR51Q1,1G1
,,,,,,,,,OR51Q1,1G7
,,,,,,,,,OR51Q1,2E7
,,,,,,,,,OR51Q1,2G7
,,,,,,,,,OR51Q1,3A7
,,,,,,,,,OR51Q1,1E6
,,,,,,,,,OR51Q1,1F12
,,,,,,,,,OR51Q1,2G12
,,,,,,,,,OR51Q1,3A12
,,,,,,,,,OR51Q1,1C7
,,,,,,,,,OR51Q1,1E7
,,,,,,,,,OR51Q1,1F7
,,,,,,,,,OR51Q1,1H7
,,,,,,,,,OR51Q1,2A1
,,,,,,,,,OR51Q1,2A7
,,,,,,,,,OR51Q1,3B12
,,,,,,,,,OR51Q1,1C1
,,,,,,,,,OR51Q1,3B7
,,,,,,,,,OR52I2,1A5
,,,,,,,,,OR52I2,1G5
,,,,,,,,,OR52I2,2A5
,,,,,,,,,OR52I2,1A1
,,,,,,,,,OR52I2,1C5
,,,,,,,,,OR52I2,2A1
,,,,,,,,,OR52I2,1C1
,,,,,,,,,OR52I2,1G1
,,,,,,,,,OR52K2,7B11
,,,,,,,,,OR52K2,6G11
,,,,,,,,,OR52M1,2E3
,,,,,,,,,OR52M1,2E9
,,,,,,,,,OR52M1,2F3
,,,,,,,,,OR52M1,2E5
,,,,,,,,,OR52M1,2E2
,,,,,,,,,OR52M1,2B3
,,,,,,,,,OR52M1,2E4
,,,,,,,,,OR52M1,2B11
,,,,,,,,,OR52M1,2E11
,,,,,,,,,OR52M1,2H11
,,,,,,,,,OR52M1,2B12
,,,,,,,,,OR52M1,2E6
,,,,,,,,,OR52M1,2B9
,,,,,,,,,OR52M1,2C3
,,,,,,,,,OR52M1,2H3
,,,,,,,,,OR52M1,2H9
,,,,,,,,,OR52M1,3A3
,,,,,,,,,OR52M1,2B4
,,,,,,,,,OR52M1,2H4
,,,,,,,,,OR52M1,2B5
,,,,,,,,,OR52M1,2F5
,,,,,,,,,OR52M1,2H5
,,,,,,,,,OR52M1,2B6
,,,,,,,,,OR52M1,2C6
,,,,,,,,,OR52M1,2E12
,,,,,,,,,OR52M1,2F6
,,,,,,,,,OR52M1,2H6
,,,,,,,,,OR52M1,2H12
,,,,,,,,,OR52M1,2B8
,,,,,,,,,OR52M1,2E8
,,,,,,,,,OR52M1,2F2
,,,,,,,,,OR52M1,2H8
,,,,,,,,,OR52M1,2B10
,,,,,,,,,OR52M1,2C4
,,,,,,,,,OR52M1,2F4
,,,,,,,,,OR52M1,2H10
,,,,,,,,,OR52M1,3A4
,,,,,,,,,OR52M1,3A5
,,,,,,,,,OR52M1,3A6
,,,,,,,,,OR52M1,2H2
,,,,,,,,,OR52M1,3A2
,,,,,,,,,OR52M1,2E10
,,,,,,,,,OR52M1,2C5
,,,,,,,,,OR52M1,2C2
,,,,,,,,,OR52M1,2B2
,,,,,,,,,OR52W1,4D1
,,,,,,,,,OR52W1,4D7
,,,,,,,,,OR52W1,4E1
,,,,,,,,,OR52W1,5B1
,,,,,,,,,OR52W1,5B7
,,,,,,,,,OR52W1,5C1
,,,,,,,,,OR52W1,4D6
,,,,,,,,,OR52W1,4D12
,,,,,,,,,OR52W1,4E6
,,,,,,,,,OR52W1,5B6
,,,,,,,,,OR52W1,5B12
,,,,,,,,,OR52W1,5C6
,,,,,,,,,OR5B3,1G3
,,,,,,,,,OR5B3,2E3
,,,,,,,,,OR5B3,2E5
,,,,,,,,,OR5B3,2E2
,,,,,,,,,OR5B3,1A3
,,,,,,,,,OR5B3,1A9
,,,,,,,,,OR5B3,1B3
,,,,,,,,,OR5B3,1B9
,,,,,,,,,OR5B3,1D3
,,,,,,,,,OR5B3,2B3
,,,,,,,,,OR5B3,2E9
,,,,,,,,,OR5B3,2F3
,,,,,,,,,OR5B3,2G3
,,,,,,,,,OR5B3,2B4
,,,,,,,,,OR5B3,2E4
,,,,,,,,,OR5B3,2H4
,,,,,,,,,OR5B3,1G6
,,,,,,,,,OR5B3,1D2
,,,,,,,,,OR5B3,1G8
,,,,,,,,,OR5B3,1H2
,,,,,,,,,OR5B3,1C9
,,,,,,,,,OR5B3,1D9
,,,,,,,,,OR5B3,1G9
,,,,,,,,,OR5B3,1H3
,,,,,,,,,OR5B3,1H9
,,,,,,,,,OR5B3,2A9
,,,,,,,,,OR5B3,2B9
,,,,,,,,,OR5B3,2C3
,,,,,,,,,OR5B3,2C9
,,,,,,,,,OR5B3,2D3
,,,,,,,,,OR5B3,2F9
,,,,,,,,,OR5B3,2G9
,,,,,,,,,OR5B3,2H3
,,,,,,,,,OR5B3,2H9
,,,,,,,,,OR5B3,3A3
,,,,,,,,,OR5B3,3B3
,,,,,,,,,OR5B3,1B4
,,,,,,,,,OR5B3,2C4
,,,,,,,,,OR5B3,3A4
,,,,,,,,,OR5B3,1A5
,,,,,,,,,OR5B3,1G5
,,,,,,,,,OR5B3,1G11
,,,,,,,,,OR5B3,1H5
,,,,,,,,,OR5B3,1H11
,,,,,,,,,OR5B3,2A11
,,,,,,,,,OR5B3,2B5
,,,,,,,,,OR5B3,2B11
,,,,,,,,,OR5B3,2E11
,,,,,,,,,OR5B3,2F5
,,,,,,,,,OR5B3,2F11
,,,,,,,,,OR5B3,2G5
,,,,,,,,,OR5B3,2G11
,,,,,,,,,OR5B3,2H5
,,,,,,,,,OR5B3,2H11
,,,,,,,,,OR5B3,1A6
,,,,,,,,,OR5B3,1D6
,,,,,,,,,OR5B3,2B12
,,,,,,,,,OR5B3,2E6
,,,,,,,,,OR5B3,1A2
,,,,,,,,,OR5B3,1B2
,,,,,,,,,OR5B3,1D8
,,,,,,,,,OR5B3,1G2
,,,,,,,,,OR5B3,2A8
,,,,,,,,,OR5B3,2B8
,,,,,,,,,OR5B3,2F2
,,,,,,,,,OR5B3,2G8
,,,,,,,,,OR5B3,2H2
,,,,,,,,,OR5B3,2H8
,,,,,,,,,OR5B3,3A2
,,,,,,,,,OR5B3,1C3
,,,,,,,,,OR5B3,1E3
,,,,,,,,,OR5B3,1F9
,,,,,,,,,OR5B3,2A3
,,,,,,,,,OR5B3,2D9
,,,,,,,,,OR5B3,1A4
,,,,,,,,,OR5B3,1A10
,,,,,,,,,OR5B3,1D4
,,,,,,,,,OR5B3,1E4
,,,,,,,,,OR5B3,1E10
,,,,,,,,,OR5B3,1F10
,,,,,,,,,OR5B3,1G4
,,,,,,,,,OR5B3,1H4
,,,,,,,,,OR5B3,2B10
,,,,,,,,,OR5B3,2C10
,,,,,,,,,OR5B3,2D10
,,,,,,,,,OR5B3,2F4
,,,,,,,,,OR5B3,2F10
,,,,,,,,,OR5B3,2G4
,,,,,,,,,OR5B3,2G10
,,,,,,,,,OR5B3,2H10
,,,,,,,,,OR5B3,3B10
,,,,,,,,,OR5B3,1A11
,,,,,,,,,OR5B3,1B5
,,,,,,,,,OR5B3,1B11
,,,,,,,,,OR5B3,1C11
,,,,,,,,,OR5B3,1D5
,,,,,,,,,OR5B3,1D11
,,,,,,,,,OR5B3,2C11
,,,,,,,,,OR5B3,2D11
,,,,,,,,,OR5B3,3A5
,,,,,,,,,OR5B3,3B5
,,,,,,,,,OR5B3,3B11
,,,,,,,,,OR5B3,1A12
,,,,,,,,,OR5B3,1B6
,,,,,,,,,OR5B3,1G12
,,,,,,,,,OR5B3,1H6
,,,,,,,,,OR5B3,1H12
,,,,,,,,,OR5B3,2A12
,,,,,,,,,OR5B3,2B6
,,,,,,,,,OR5B3,2C6
,,,,,,,,,OR5B3,2D12
,,,,,,,,,OR5B3,2E12
,,,,,,,,,OR5B3,2F6
,,,,,,,,,OR5B3,2H6
,,,,,,,,,OR5B3,2H12
,,,,,,,,,OR5B3,1A8
,,,,,,,,,OR5B3,1E2
,,,,,,,,,OR5B3,1F8
,,,,,,,,,OR5B3,1H8
,,,,,,,,,OR5B3,2C2
,,,,,,,,,OR5B3,2E8
,,,,,,,,,OR5B3,2G2
,,,,,,,,,OR5B3,3B8
,,,,,,,,,OR5B3,1E9
,,,,,,,,,OR5B3,1F3
,,,,,,,,,OR5B3,3A9
,,,,,,,,,OR5B3,3B9
,,,,,,,,,OR5B3,1B10
,,,,,,,,,OR5B3,1D10
,,,,,,,,,OR5B3,1F4
,,,,,,,,,OR5B3,1G10
,,,,,,,,,OR5B3,1H10
,,,,,,,,,OR5B3,2A4
,,,,,,,,,OR5B3,2A10
,,,,,,,,,OR5B3,2D4
,,,,,,,,,OR5B3,3A10
,,,,,,,,,OR5B3,3B4
,,,,,,,,,OR5B3,1E5
,,,,,,,,,OR5B3,1E11
,,,,,,,,,OR5B3,1F5
,,,,,,,,,OR5B3,1F11
,,,,,,,,,OR5B3,2A5
,,,,,,,,,OR5B3,2C5
,,,,,,,,,OR5B3,2D5
,,,,,,,,,OR5B3,3A11
,,,,,,,,,OR5B3,1B12
,,,,,,,,,OR5B3,1C12
,,,,,,,,,OR5B3,1D12
,,,,,,,,,OR5B3,1F6
,,,,,,,,,OR5B3,2A6
,,,,,,,,,OR5B3,2D6
,,,,,,,,,OR5B3,2G6
,,,,,,,,,OR5B3,3A6
,,,,,,,,,OR5B3,3B6
,,,,,,,,,OR5B3,1C8
,,,,,,,,,OR5B3,1F2
,,,,,,,,,OR5B3,2A2
,,,,,,,,,OR5B3,2B2
,,,,,,,,,OR5B3,2D8
,,,,,,,,,OR5B3,2F8
,,,,,,,,,OR5B3,3B2
,,,,,,,,,OR5B3,1C4
,,,,,,,,,OR5B3,1C10
,,,,,,,,,OR5B3,2E10
,,,,,,,,,OR5B3,1C5
,,,,,,,,,OR5B3,1C6
,,,,,,,,,OR5B3,1E6
,,,,,,,,,OR5B3,1E12
,,,,,,,,,OR5B3,1F12
,,,,,,,,,OR5B3,2C12
,,,,,,,,,OR5B3,2F12
,,,,,,,,,OR5B3,2G12
,,,,,,,,,OR5B3,1E8
,,,,,,,,,OR5B3,3A8
,,,,,,,,,OR5B3,3A12
,,,,,,,,,OR5B3,3B12
,,,,,,,,,OR5B3,1B8
,,,,,,,,,OR5B3,1C2
,,,,,,,,,OR5B3,2C8
,,,,,,,,,OR5B3,2D2
,,,,,,,,,OR5L2,6H10
,,,,,,,,,OR5L2,6H11
,,,,,,,,,OR5L2,6A11
,,,,,,,,,OR5L2,6B11
,,,,,,,,,OR5L2,6G5
,,,,,,,,,OR5L2,6A5
,,,,,,,,,OR5L2,6G11
,,,,,,,,,OR5L2,6A4
,,,,,,,,,OR5L2,6A10
,,,,,,,,,OR5L2,6B10
,,,,,,,,,OR5L2,6G4
,,,,,,,,,OR5L2,6G10
,,,,,,,,,OR5P3,1D9
,,,,,,,,,OR5P3,1H9
,,,,,,,,,OR5P3,1G9
,,,,,,,,,OR5P3,1E9
,,,,,,,,,OR5W2,2A10
,,,,,,,,,OR5W2,2D10
,,,,,,,,,OR5W2,1G4
,,,,,,,,,OR5W2,2A4
,,,,,,,,,OR5W2,2B4
,,,,,,,,,OR5W2,2D4
,,,,,,,,,OR6C6,1B3
,,,,,,,,,OR6C6,1H2
,,,,,,,,,OR6C6,1A9
,,,,,,,,,OR6C6,1H3
,,,,,,,,,OR6C6,1B6
,,,,,,,,,OR6C6,1H6
,,,,,,,,,OR6C6,1B2
,,,,,,,,,OR6C6,1G8
,,,,,,,,,OR6C6,1G9
,,,,,,,,,OR6C6,2H9
,,,,,,,,,OR6C6,3A3
,,,,,,,,,OR6C6,1A12
,,,,,,,,,OR6C6,1G12
,,,,,,,,,OR6C6,2H12
,,,,,,,,,OR6C6,2H8
,,,,,,,,,OR6C6,3A6
,,,,,,,,,OR6C6,3A2
,,,,,,,,,OR6C6,1A8
,,,,,,,,,OR6C68,9G7
,,,,,,,,,OR6C68 ,10A6
,,,,,,,,,OR6K3,1G7
,,,,,,,,,OR6K3,1H7
,,,,,,,,,OR6N1,2G3
,,,,,,,,,OR6N1,2G5
,,,,,,,,,OR6N1,1B9
,,,,,,,,,OR6N1,1D9
,,,,,,,,,OR6N1,2E9
,,,,,,,,,OR6N1,2F9
,,,,,,,,,OR6N1,2G4
,,,,,,,,,OR6N1,1B11
,,,,,,,,,OR6N1,1D11
,,,,,,,,,OR6N1,2E11
,,,,,,,,,OR6N1,2F11
,,,,,,,,,OR6N1,1A9
,,,,,,,,,OR6N1,1A10
,,,,,,,,,OR6N1,2F10
,,,,,,,,,OR6N1,1A11
,,,,,,,,,OR6N1,1F5
,,,,,,,,,OR6N1,1C3
,,,,,,,,,OR6N1,1E9
,,,,,,,,,OR6N1,1F3
,,,,,,,,,OR6N1,1B10
,,,,,,,,,OR6N1,1D10
,,,,,,,,,OR6N1,1E10
,,,,,,,,,OR6N1,1F4
,,,,,,,,,OR6N1,1C5
,,,,,,,,,OR6N1,1E11
,,,,,,,,,OR6N1,1C4
,,,,,,,,,OR6N1,2E10
,,,,,,,,,OR7E24,1A11
,,,,,,,,,OR7E24,1A8
,,,,,,,,,OR7G2,1A7
,,,,,,,,,OR7G2,1B1
,,,,,,,,,OR7G2,1B7
,,,,,,,,,OR7G2,1D1
,,,,,,,,,OR7G2,1D7
,,,,,,,,,OR7G2,1E1
,,,,,,,,,OR7G2,1F1
,,,,,,,,,OR7G2,1G1
,,,,,,,,,OR7G2,1H1
,,,,,,,,,OR7G2,2B1
,,,,,,,,,OR7G2,2B7
,,,,,,,,,OR7G2,2C1
,,,,,,,,,OR7G2,2C7
,,,,,,,,,OR7G2,2D1
,,,,,,,,,OR7G2,2D7
,,,,,,,,,OR7G2,2E1
,,,,,,,,,OR7G2,2E7
,,,,,,,,,OR7G2,2F1
,,,,,,,,,OR7G2,2F7
,,,,,,,,,OR7G2,2G1
,,,,,,,,,OR7G2,2G7
,,,,,,,,,OR7G2,2H1
,,,,,,,,,OR7G2,2H7
,,,,,,,,,OR7G2,3A1
,,,,,,,,,OR7G2,3A7
,,,,,,,,,OR7G2,3B1
,,,,,,,,,OR7G2,3B7
,,,,,,,,,OR7G2,1A2
,,,,,,,,,OR7G2,1A8
,,,,,,,,,OR7G2,1B2
,,,,,,,,,OR7G2,1B8
,,,,,,,,,OR7G2,1C2
,,,,,,,,,OR7G2,1C8
,,,,,,,,,OR7G2,1D2
,,,,,,,,,OR7G2,1D8
,,,,,,,,,OR7G2,1E2
,,,,,,,,,OR7G2,1E8
,,,,,,,,,OR7G2,1F2
,,,,,,,,,OR7G2,1F8
,,,,,,,,,OR7G2,1G2
,,,,,,,,,OR7G2,1G8
,,,,,,,,,OR7G2,1H2
,,,,,,,,,OR7G2,1H8
,,,,,,,,,OR7G2,2A2
,,,,,,,,,OR7G2,2A8
,,,,,,,,,OR7G2,2B2
,,,,,,,,,OR7G2,2B8
,,,,,,,,,OR7G2,2C2
,,,,,,,,,OR7G2,2C8
,,,,,,,,,OR7G2,2D2
,,,,,,,,,OR7G2,2D8
,,,,,,,,,OR7G2,2E2
,,,,,,,,,OR7G2,2E8
,,,,,,,,,OR7G2,2F2
,,,,,,,,,OR7G2,2F8
,,,,,,,,,OR7G2,2G2
,,,,,,,,,OR7G2,2G8
,,,,,,,,,OR7G2,2H2
,,,,,,,,,OR7G2,2H8
,,,,,,,,,OR7G2,3A2
,,,,,,,,,OR7G2,3A8
,,,,,,,,,OR7G2,3B2
,,,,,,,,,OR7G2,3B8
,,,,,,,,,OR7G2,1A10
,,,,,,,,,OR7G2,1B4
,,,,,,,,,OR7G2,1B10
,,,,,,,,,OR7G2,1D4
,,,,,,,,,OR7G2,1D10
,,,,,,,,,OR7G2,1E4
,,,,,,,,,OR7G2,1E10
,,,,,,,,,OR7G2,1F4
,,,,,,,,,OR7G2,1F10
,,,,,,,,,OR7G2,1G4
,,,,,,,,,OR7G2,1G10
,,,,,,,,,OR7G2,1H4
,,,,,,,,,OR7G2,1H10
,,,,,,,,,OR7G2,2A4
,,,,,,,,,OR7G2,2A10
,,,,,,,,,OR7G2,2B4
,,,,,,,,,OR7G2,2B10
,,,,,,,,,OR7G2,2C4
,,,,,,,,,OR7G2,2C10
,,,,,,,,,OR7G2,2D4
,,,,,,,,,OR7G2,2D10
,,,,,,,,,OR7G2,2E4
,,,,,,,,,OR7G2,2E10
,,,,,,,,,OR7G2,2F4
,,,,,,,,,OR7G2,2F10
,,,,,,,,,OR7G2,2G4
,,,,,,,,,OR7G2,2G10
,,,,,,,,,OR7G2,2H4
,,,,,,,,,OR7G2,2H10
,,,,,,,,,OR7G2,3A4
,,,,,,,,,OR7G2,3A10
,,,,,,,,,OR7G2,3B4
,,,,,,,,,OR7G2,3B10
,,,,,,,,,OR7G2,1A5
,,,,,,,,,OR7G2,1A11
,,,,,,,,,OR7G2,1B5
,,,,,,,,,OR7G2,1B11
,,,,,,,,,OR7G2,1C5
,,,,,,,,,OR7G2,1C11
,,,,,,,,,OR7G2,1D5
,,,,,,,,,OR7G2,1D11
,,,,,,,,,OR7G2,1E5
,,,,,,,,,OR7G2,1E11
,,,,,,,,,OR7G2,1F5
,,,,,,,,,OR7G2,1F11
,,,,,,,,,OR7G2,1G5
,,,,,,,,,OR7G2,1G11
,,,,,,,,,OR7G2,1H5
,,,,,,,,,OR7G2,1H11
,,,,,,,,,OR7G2,2A5
,,,,,,,,,OR7G2,2A11
,,,,,,,,,OR7G2,2B5
,,,,,,,,,OR7G2,2B11
,,,,,,,,,OR7G2,2C5
,,,,,,,,,OR7G2,2C11
,,,,,,,,,OR7G2,2D5
,,,,,,,,,OR7G2,2D11
,,,,,,,,,OR7G2,2E5
,,,,,,,,,OR7G2,2E11
,,,,,,,,,OR7G2,2F5
,,,,,,,,,OR7G2,2F11
,,,,,,,,,OR7G2,2G5
,,,,,,,,,OR7G2,2G11
,,,,,,,,,OR7G2,2H5
,,,,,,,,,OR7G2,2H11
,,,,,,,,,OR7G2,3A5
,,,,,,,,,OR7G2,3A11
,,,,,,,,,OR7G2,3B5
,,,,,,,,,OR7G2,3B11
,,,,,,,,,OR7G2,1A12
,,,,,,,,,OR7G2,1B6
,,,,,,,,,OR7G2,1B12
,,,,,,,,,OR7G2,1D6
,,,,,,,,,OR7G2,1D12
,,,,,,,,,OR7G2,1E6
,,,,,,,,,OR7G2,1E12
,,,,,,,,,OR7G2,1F6
,,,,,,,,,OR7G2,1F12
,,,,,,,,,OR7G2,1G6
,,,,,,,,,OR7G2,1G12
,,,,,,,,,OR7G2,1H6
,,,,,,,,,OR7G2,1H12
,,,,,,,,,OR7G2,2A6
,,,,,,,,,OR7G2,2A12
,,,,,,,,,OR7G2,2B6
,,,,,,,,,OR7G2,2B12
,,,,,,,,,OR7G2,2C6
,,,,,,,,,OR7G2,2C12
,,,,,,,,,OR7G2,2D6
,,,,,,,,,OR7G2,2D12
,,,,,,,,,OR7G2,2E6
,,,,,,,,,OR7G2,2E12
,,,,,,,,,OR7G2,2F6
,,,,,,,,,OR7G2,2F12
,,,,,,,,,OR7G2,2G6
,,,,,,,,,OR7G2,2G12
,,,,,,,,,OR7G2,2H6
,,,,,,,,,OR7G2,2H12
,,,,,,,,,OR7G2,3A6
,,,,,,,,,OR7G2,3A12
,,,,,,,,,OR7G2,3B6
,,,,,,,,,OR7G2,3B12
,,,,,,,,,OR7G2,1A1
,,,,,,,,,OR7G2,1E7
,,,,,,,,,OR7G2,1F7
,,,,,,,,,OR7G2,1G7
,,,,,,,,,OR7G2,2A1
,,,,,,,,,OR7G2,1A4
,,,,,,,,,OR7G2,1C4
,,,,,,,,,OR7G2,1C10
,,,,,,,,,OR7G2,1A6
,,,,,,,,,OR7G2,1C6
,,,,,,,,,OR7G2,1C12
,,,,,,,,,OR7G2,1C1
,,,,,,,,,OR7G2,1C7
,,,,,,,,,OR7G2,1H7
,,,,,,,,,OR7G2,2A7
,,,,,,,,,OR8B12,6C7
,,,,,,,,,OR8B12,6C9
,,,,,,,,,OR8B12,6C10
,,,,,,,,,OR8B12,6C11
,,,,,,,,,OR8B12,3F11
,,,,,,,,,OR8B12,6C12
,,,,,,,,,OR8B12,3F12
,,,,,,,,,OR8B12,3F9
,,,,,,,,,OR8B12,3F10
,,,,,,,,,OR8B12,3F7
,,,,,,,,,OR8D4,6H12
,,,,,,,,,OR8D4,6H11
,,,,,,,,,OR8S1,1A2
,,,,,,,,,OR8S1,2A8
,,,,,,,,,OR8S1,1B10
,,,,,,,,,OR8S1,1B7
,,,,,,,,,OR8S1,1B8
,,,,,,,,,OR8S1,1C8
,,,,,,,,,OR8S1,1G2
,,,,,,,,,OR8S1,1H8
,,,,,,,,,OR8S1,1A4
,,,,,,,,,OR8S1,1C10
,,,,,,,,,OR8S1,1G4
,,,,,,,,,OR8S1,1H10
,,,,,,,,,OR8S1,2A10
,,,,,,,,,OR8S1,1A1
,,,,,,,,,OR8S1,1C7
,,,,,,,,,OR8S1,2A7
,,,,,,,,,OR8S1,1G1
,,,,,,,,,OR8S1,1H7
,,,,,,,,,OR9A2,1A6
,,,,,,,,,OR9A2,1A3
,,,,,,,,,OR9A2,2H6
,,,,,,,,,OR9A2,3B6
,,,,,,,,,OR9A2,2H3
,,,,,,,,,OR9A2,3B3
,,,,,,,,,OR9A2,1C6
,,,,,,,,,OR9A2,1C3
,,,,,,,,,OR9G4,6H4
,,,,,,,,,OR9G4,6G11
,,,,,,,,,OR9G4,6H5
,,,,,,,,,OR9G4,7A11
,,,,,,,,,OR9G4,7E11
,,,,,,,,,OR9G4,7F5
,,,,,,,,,OR9G4,7G11
,,,,,,,,,OR9G4,6G12
,,,,,,,,,OR9G4,7A12
,,,,,,,,,OR9G4,6G7
,,,,,,,,,OR9G4,6H1
,,,,,,,,,OR9G4,7F1
,,,,,,,,,OR9G4,7G10
,,,,,,,,,OR9G4,6H6
,,,,,,,,,OR9G4,7E12
,,,,,,,,,OR9G4,7F6
,,,,,,,,,OR9G4,7G12
,,,,,,,,,OR9G4,7A7
,,,,,,,,,OR9G4,7E7
,,,,,,,,,OR9G4,7A10
,,,,,,,,,OR9G4,7F4
,,,,,,,,,OR9G4,7G7
,,,,,,,,,OR9G4,6G10
,,,,,,,,,OR9G4,7E10
,,,,,,,,,OR9G4,5B2
,,,,,,,,,OR9G4,5C2
,,,,,,,,,OR9G4,5D2
,,,,,,,,,OR9G4,5E2
,,,,,,,,,OR9G4,5F2
,,,,,,,,,OR9G4,5G2
,,,,,,,,,OR9G4,4A2
,,,,,,,,,OR9G4,4B2
,,,,,,,,,OR9G4,4C2
,,,,,,,,,OR9G4,4D2
,,,,,,,,,OR9G4,4E2
,,,,,,,,,OR9G4,4F2
,,,,,,,,,OR9G4,1G3
,,,,,,,,,OR9G4,2E3
,,,,,,,,,OR9G4,2G3
,,,,,,,,,OR9G4,1G6
,,,,,,,,,OR9G4,1A3
,,,,,,,,,OR9G4,1A9
,,,,,,,,,OR9G4,1B9
,,,,,,,,,OR9G4,1C9
,,,,,,,,,OR9G4,2A9
,,,,,,,,,OR9G4,2E9
,,,,,,,,,OR9G4,2F9
,,,,,,,,,OR9G4,2G9
,,,,,,,,,OR9G4,1A6
,,,,,,,,,OR9G4,1G8
,,,,,,,,,OR9G4,2A8
,,,,,,,,,OR9G4,2E2
,,,,,,,,,OR9G4,1G9
,,,,,,,,,OR9G4,1H9
,,,,,,,,,OR9G4,2B3
,,,,,,,,,OR9G4,2C9
,,,,,,,,,OR9G4,2D3
,,,,,,,,,OR9G4,2D9
,,,,,,,,,OR9G4,1A12
,,,,,,,,,OR9G4,1G12
,,,,,,,,,OR9G4,1H12
,,,,,,,,,OR9G4,2A12
,,,,,,,,,OR9G4,2B12
,,,,,,,,,OR9G4,2D12
,,,,,,,,,OR9G4,2E6
,,,,,,,,,OR9G4,1A2
,,,,,,,,,OR9G4,1G2
,,,,,,,,,OR9G4,2G2
,,,,,,,,,OR9G4,2G8
,,,,,,,,,OR9G4,1C3
,,,,,,,,,OR9G4,2A3
,,,,,,,,,OR9G4,2B9
,,,,,,,,,OR9G4,1B12
,,,,,,,,,OR9G4,1C12
,,,,,,,,,OR9G4,2A6
,,,,,,,,,OR9G4,2B6
,,,,,,,,,OR9G4,2D6
,,,,,,,,,OR9G4,2E12
,,,,,,,,,OR9G4,2G6
,,,,,,,,,OR9G4,1C8
,,,,,,,,,OR9G4,1H8
,,,,,,,,,OR9G4,2B8
,,,,,,,,,OR9G4,2E8
,,,,,,,,,OR9G4,1C6
,,,,,,,,,OR9G4,2C12
,,,,,,,,,OR9G4,2F12
,,,,,,,,,OR9G4,2G12
,,,,,,,,,OR9G4,1A8
,,,,,,,,,OR9G4,2A2
,,,,,,,,,OR9G4,2D8
,,,,,,,,,OR9G4,2F8
,,,,,,,,,OR9G4,1B8
,,,,,,,,,OR9G4,1C2
,,,,,,,,,OR9G4,2B2
,,,,,,,,,OR9G4,2D2
,,,,,,,,,OR9G4,2C8
,,,,,,,,,OXGR1,6D1
,,,,,,,,,OR9G4,6F1
,,,,,,,,,OXGR1,4A1
,,,,,,,,,OXGR1,4A7
,,,,,,,,,OXGR1,4B1
,,,,,,,,,OXGR1,4C1
,,,,,,,,,OXGR1,4C7
,,,,,,,,,OXGR1,4F1
,,,,,,,,,OXGR1,4F7
,,,,,,,,,OXGR1,5H1
,,,,,,,,,OXGR1,5H7
,,,,,,,,,OXGR1,3C1
,,,,,,,,,OXGR1,3D1
,,,,,,,,,OXGR1,3D7
,,,,,,,,,OXGR1,4A2
,,,,,,,,,OXGR1,4A8
,,,,,,,,,OXGR1,4B2
,,,,,,,,,OXGR1,4C2
,,,,,,,,,OXGR1,4C8
,,,,,,,,,OXGR1,4D2
,,,,,,,,,OXGR1,4D8
,,,,,,,,,OXGR1,4E2
,,,,,,,,,OXGR1,4F2
,,,,,,,,,OXGR1,4F8
,,,,,,,,,OXGR1,5H2
,,,,,,,,,OXGR1,5H8
,,,,,,,,,OXGR1,3C2
,,,,,,,,,OXGR1,3D2
,,,,,,,,,OXGR1,3D8
,,,,,,,,,OXGR1,4A3
,,,,,,,,,OXGR1,4A9
,,,,,,,,,OXGR1,4B3
,,,,,,,,,OXGR1,4C3
,,,,,,,,,OXGR1,4C9
,,,,,,,,,OXGR1,4D3
,,,,,,,,,OXGR1,4D9
,,,,,,,,,OXGR1,4E3
,,,,,,,,,OXGR1,4F3
,,,,,,,,,OXGR1,4F9
,,,,,,,,,OXGR1,5H3
,,,,,,,,,OXGR1,5H9
,,,,,,,,,OXGR1,3C3
,,,,,,,,,OXGR1,3D3
,,,,,,,,,OXGR1,3D9
,,,,,,,,,OXGR1,4A4
,,,,,,,,,OXGR1,4A10
,,,,,,,,,OXGR1,4B4
,,,,,,,,,OXGR1,4C4
,,,,,,,,,OXGR1,4C10
,,,,,,,,,OXGR1,4D4
,,,,,,,,,OXGR1,4D10
,,,,,,,,,OXGR1,4E4
,,,,,,,,,OXGR1,4F4
,,,,,,,,,OXGR1,4F10
,,,,,,,,,OXGR1,5H4
,,,,,,,,,OXGR1,5H10
,,,,,,,,,OXGR1,3C4
,,,,,,,,,OXGR1,3D4
,,,,,,,,,OXGR1,3D10
,,,,,,,,,OXGR1,4A5
,,,,,,,,,OXGR1,4A11
,,,,,,,,,OXGR1,4B5
,,,,,,,,,OXGR1,4C5
,,,,,,,,,OXGR1,4C11
,,,,,,,,,OXGR1,4D5
,,,,,,,,,OXGR1,4D11
,,,,,,,,,OXGR1,4E5
,,,,,,,,,OXGR1,4F5
,,,,,,,,,OXGR1,4F11
,,,,,,,,,OXGR1,5H5
,,,,,,,,,OXGR1,5H11
,,,,,,,,,OXGR1,3C5
,,,,,,,,,OXGR1,3D5
,,,,,,,,,OXGR1,3D11
,,,,,,,,,OXGR1,4D1
,,,,,,,,,OXGR1,4D7
,,,,,,,,,OXGR1,4E1
,,,,,,,,,P2RY6,2E8
,,,,,,,,,P2RY6,2F2
,,,,,,,,,P2RY6,2F4
,,,,,,,,,P2RY6,2F1
,,,,,,,,,P2RY6,2E10
,,,,,,,,,P2RY6,2E7
,,,,,,,,,PTH2R,1B5
,,,,,,,,,PTH2R,1B3
,,,,,,,,,PTH2R,2C3
,,,,,,,,,PTH2R,1B6
,,,,,,,,,PTH2R,2C6
,,,,,,,,,PTH2R,2C5
,,,,,,,,,RRH,1E5
,,,,,,,,,RRH,2C11
,,,,,,,,,RRH,3B5
,,,,,,,,,RRH,2D12
,,,,,,,,,RRH,2D5
,,,,,,,,,RRH,2H5
,,,,,,,,,RRH,3A5
,,,,,,,,,RRH,3A11
,,,,,,,,,RRH,3B11
,,,,,,,,,RRH,1D6
,,,,,,,,,RRH,1E6
,,,,,,,,,RRH,1E12
,,,,,,,,,RRH,1F6
,,,,,,,,,RRH,2C6
,,,,,,,,,RRH,2D6
,,,,,,,,,RRH,3A6
,,,,,,,,,RRH,3B6
,,,,,,,,,RRH,1D5
,,,,,,,,,RRH,1E11
,,,,,,,,,RRH,1F5
,,,,,,,,,RRH,1F11
,,,,,,,,,RRH,2B5
,,,,,,,,,RRH,2D11
,,,,,,,,,RRH,1F12
,,,,,,,,,RRH,2C12
,,,,,,,,,RRH,2H6
,,,,,,,,,RRH,3A12
,,,,,,,,,RRH,3B12
,,,,,,,,,RRH,2C5
,,,,,,,,,RRH,2B6
,,,,,,,,,SSTR4,2E5
,,,,,,,,,SSTR4,2E2
,,,,,,,,,SSTR4,2B4
,,,,,,,,,SSTR4,2E4
,,,,,,,,,SSTR4,2H4
,,,,,,,,,SSTR4,1D2
,,,,,,,,,SSTR4,2C4
,,,,,,,,,SSTR4,3A4
,,,,,,,,,SSTR4,2B5
,,,,,,,,,SSTR4,2F5
,,,,,,,,,SSTR4,2F11
,,,,,,,,,SSTR4,2G11
,,,,,,,,,SSTR4,2H5
,,,,,,,,,SSTR4,2F2
,,,,,,,,,SSTR4,2G8
,,,,,,,,,SSTR4,2H2
,,,,,,,,,SSTR4,3A2
,,,,,,,,,SSTR4,1D4
,,,,,,,,,SSTR4,1E4
,,,,,,,,,SSTR4,1E10
,,,,,,,,,SSTR4,1F10
,,,,,,,,,SSTR4,2C10
,,,,,,,,,SSTR4,2D10
,,,,,,,,,SSTR4,2F4
,,,,,,,,,SSTR4,2F10
,,,,,,,,,SSTR4,2G10
,,,,,,,,,SSTR4,3B10
,,,,,,,,,SSTR4,1D5
,,,,,,,,,SSTR4,2C11
,,,,,,,,,SSTR4,2D11
,,,,,,,,,SSTR4,3A5
,,,,,,,,,SSTR4,3B11
,,,,,,,,,SSTR4,1E2
,,,,,,,,,SSTR4,1F8
,,,,,,,,,SSTR4,2C2
,,,,,,,,,SSTR4,3B8
,,,,,,,,,SSTR4,3A10
,,,,,,,,,SSTR4,1E5
,,,,,,,,,SSTR4,1E11
,,,,,,,,,SSTR4,1F11
,,,,,,,,,SSTR4,2C5
,,,,,,,,,SSTR4,3A11
,,,,,,,,,SSTR4,2B2
,,,,,,,,,SSTR4,2D8
,,,,,,,,,SSTR4,2F8
,,,,,,,,,SSTR4,1E8
,,,,,,,,,SSTR4,3A8
,,,,,,,,,SSTR4,2C8
,,,,,,,,,SSTR5,1A4
,,,,,,,,,SSTR5,1D6
,,,,,,,,,SSTR5,1A10
,,,,,,,,,SSTR5,2B4
,,,,,,,,,SSTR5,2H4
,,,,,,,,,SSTR5,1A6
,,,,,,,,,SSTR5,1D4
,,,,,,,,,SSTR5,1A12
,,,,,,,,,SSTR5,1D12
,,,,,,,,,SSTR5,2B6
,,,,,,,,,SSTR5,2B12
,,,,,,,,,SSTR5,2H6
,,,,,,,,,SSTR5,2H12
,,,,,,,,,SSTR5,1D10
,,,,,,,,,SSTR5,2B10
,,,,,,,,,SSTR5,2H10
,,,,,,,,,TAS2R20,4D8
,,,,,,,,,TAS2R20,5H8
,,,,,,,,,TAS2R20,4D9
,,,,,,,,,TAS2R20,5H9
,,,,,,,,,TAS2R20,4D10
,,,,,,,,,TAS2R20,5H10
,,,,,,,,,TAS2R43,7E4
,,,,,,,,,TAS2R43,7B6
,,,,,,,,,TAS2R43,7B12
,,,,,,,,,TAS2R43,7D12
,,,,,,,,,TAS2R43,7E6
,,,,,,,,,TAS2R43,7D6
,,,,,,,,,TAS2R43,7B4
,,,,,,,,,TAS2R43,7D10
,,,,,,,,,TAS2R43,7G10
,,,,,,,,,TAS2R43,7E12
,,,,,,,,,TAS2R43,7G6
,,,,,,,,,TAS2R43,7G12
,,,,,,,,,TAS2R43,7D4
,,,,,,,,,TAS2R43,7G4
,,,,,,,,,TAS2R43,7B10
,,,,,,,,,TAS2R43,7E10
,,,,,,,,,TAS2R46,1B9
,,,,,,,,,TAS2R46,1C3
,,,,,,,,,TBXA2R,1E7
,,,,,,,,,TBXA2R,1F7
,,,,,,,,,TBXA2R,1H7
,,,,,,,,,TBXA2R,2A7
,,,,,,,,,TSHR,1G3
,,,,,,,,,TSHR,1A3
,,,,,,,,,TSHR,1A9
,,,,,,,,,TSHR,1B3
,,,,,,,,,TSHR,1B9
,,,,,,,,,TSHR,1D3
,,,,,,,,,TSHR,2B3
,,,,,,,,,TSHR,1G8
,,,,,,,,,TSHR,1H2
,,,,,,,,,TSHR,1D9
,,,,,,,,,TSHR,1G9
,,,,,,,,,TSHR,1H3
,,,,,,,,,TSHR,1H9
,,,,,,,,,TSHR,2B9
,,,,,,,,,TSHR,2C3
,,,,,,,,,TSHR,2C9
,,,,,,,,,TSHR,2D3
,,,,,,,,,TSHR,2H3
,,,,,,,,,TSHR,2H9
,,,,,,,,,TSHR,3A3
,,,,,,,,,TSHR,3B3
,,,,,,,,,TSHR,1B4
,,,,,,,,,TSHR,2B4
,,,,,,,,,TSHR,2H4
,,,,,,,,,TSHR,1A2
,,,,,,,,,TSHR,1B2
,,,,,,,,,TSHR,1D2
,,,,,,,,,TSHR,1D8
,,,,,,,,,TSHR,1G2
,,,,,,,,,TSHR,2B8
,,,,,,,,,TSHR,2H8
,,,,,,,,,TSHR,1C3
,,,,,,,,,TSHR,1E3
,,,,,,,,,TSHR,2A3
,,,,,,,,,TSHR,1A4
,,,,,,,,,TSHR,1A10
,,,,,,,,,TSHR,1G4
,,,,,,,,,TSHR,1H4
,,,,,,,,,TSHR,2B10
,,,,,,,,,TSHR,2C4
,,,,,,,,,TSHR,2H10
,,,,,,,,,TSHR,3A4
,,,,,,,,,TSHR,1H8
,,,,,,,,,TSHR,2H2
,,,,,,,,,TSHR,3A2
,,,,,,,,,TSHR,1E9
,,,,,,,,,TSHR,1F3
,,,,,,,,,TSHR,3A9
,,,,,,,,,TSHR,1B10
,,,,,,,,,TSHR,1D4
,,,,,,,,,TSHR,1D10
,,,,,,,,,TSHR,1E4
,,,,,,,,,TSHR,1E10
,,,,,,,,,TSHR,1F4
,,,,,,,,,TSHR,1G10
,,,,,,,,,TSHR,1H10
,,,,,,,,,TSHR,2A4
,,,,,,,,,TSHR,2C10
,,,,,,,,,TSHR,2D4
,,,,,,,,,TSHR,3B4
,,,,,,,,,TSHR,1A8
,,,,,,,,,TSHR,1E2
,,,,,,,,,TSHR,1F2
,,,,,,,,,TSHR,2A2
,,,,,,,,,TSHR,2C2
,,,,,,,,,TSHR,3B2
,,,,,,,,,TSHR,1C4
,,,,,,,,,TSHR,3A10
,,,,,,,,,TSHR,2B2
,,,,,,,,,TSHR,1B8
,,,,,,,,,TSHR,1C2
,,,,,,,,,TSHR,1E8
,,,,,,,,,TSHR,3A8
,,,,,,,,,TSHR,2D2
,,,,,,,,,TSHR,2C8
